cover,title,author,,edition,publisher,publisheddate,isbn,qty,wholesale,retail,forwardfname,forwardlname
https://img1.od-cdn.com/ImageType-100/0887-1/{4DFE715B-CDEB-4249-A088-9A8CD7951818}IMG100.JPG,56 Days,Catherine,Howard,1st,Blackstone Publishing,1952-12-01,9781982694661,46,42.97,44.04,Donald,Sobol
https://img1.od-cdn.com/ImageType-100/0111-1/{CFF843C1-6859-4C77-8E29-7F87C62A0A67}IMG100.JPG,A Dangerous Business,Jane,Smiley,First,Knopf Doubleday Publishing Group,1990-07-17,9780525520344,83,38.15,39.74,Katie,Williams
https://img3.od-cdn.com/ImageType-100/0293-1/{191DC283-4A60-4B97-9500-08D703B3F71F}Img100.jpg,A Duty to the Dead,Charles,Todd,First,HarperCollins,1990-12-26,9780061905506,3,21.98,23.56,NK,Jemisin
https://img1.od-cdn.com/ImageType-100/0174-1/{CCEF4FFC-4E9A-46E1-89A5-D9C6F6CC4852}IMG100.JPG,A Gentle Murderer,Dorothy,Davis,First,Sourcebooks,2018-04-10,9781728271972,67,21.31,23.1,Lucy,Foley
https://img1.od-cdn.com/ImageType-100/2390-1/{6FDCD068-F64A-4CBF-82A9-E426CC3304E3}IMG100.JPG,A Half-Built Garden,Ruthanna,Emrys,1st,Tor Publishing Group,2007-10-13,9781250210975,16,12.4,14.18,0,0
https://img1.od-cdn.com/ImageType-100/0017-1/{C1895EA6-ECF8-429A-B241-6BEE37D1D0AE}IMG100.JPG,A Haunting on the Hill,Elizabeth,Hand,First,Little Brown and Company,1963-09-11,9780316527989,46,27.09,28.71,Kate,Day
https://img2.od-cdn.com/ImageType-100/1523-1/{D71EDE17-8A1B-424A-B54F-E41E08BFB5A5}IMG100.JPG,A House Between Earth and the Moon,Rebecca,Scherm,First,Penguin Publishing Group,1982-05-01,9781101980118,81,7,8.13,Chris,Power
https://img3.od-cdn.com/ImageType-100/0293-1/{B9191B3C-59FF-4E97-9A98-22780D768F8B}Img100.jpg,A Line to Kill,Anthony,Horowitz,First,HarperCollins,1920-05-25,9780062938176,97,16.93,18.15,0,0
https://img2.od-cdn.com/ImageType-100/2390-1/{34A02F2F-F922-45AD-9C0F-C351AD876687}IMG100.JPG,A Lonely Man,Chris,Power,1st,Farrar Straus and Giroux,2012-01-22,9780374719074,70,32.83,34.82,Lucy,Foley
https://img3.od-cdn.com/ImageType-100/2390-1/{B0325555-DF4F-410A-9B3F-893DD9D6285B}IMG100.JPG,A Prayer for the Crown-Shy,Becky,Chambers,First,Tor Publishing Group,1933-06-15,9781250236241,100,10.9,12.76,Dorothy,Sayers
https://img1.od-cdn.com/ImageType-100/2390-1/{5D67CED5-6BE2-4846-AE1B-0C3DDFF83434}IMG100.JPG,A Psalm for the Wild-Built,Becky,Chambers,First,Tor Publishing Group,1927-01-13,9781250236227,54,10.39,11.93,Cristin,Terrill
https://img1.od-cdn.com/ImageType-100/0111-1/{AD1BF924-B88E-41D6-AC23-8C3ECF9CF724}Img100.jpg,A Short History of Nearly Everything,Bill,Bryson,1st,Crown,1990-02-17,9780767916417,5,7.11,8.57,Malka,Older
https://img1.od-cdn.com/ImageType-100/0293-1/{B0BFA6BF-502D-481E-B97A-F7C76E0A8BB2}Img100.jpg,A Test of Wills,Charles,Todd,First,HarperCollins,2003-12-02,9780061758072,81,51.23,53.09,Lily,King
https://img2.od-cdn.com/ImageType-100/0111-1/{0451EF93-4D46-4901-876F-D85A032CDA28}Img100.jpg,A Town Called Solace,Mary,Lawson,First,Knopf Canada,1960-11-02,9780735281288,86,22.45,23.89,Sophie,Hannah
https://img2.od-cdn.com/ImageType-100/1523-1/{739A8DC9-D971-4CDC-AB65-D3DBB281D941}Img100.jpg,Agency,William,Gibson,First,Penguin Publishing Group,1921-09-01,9781101986950,91,16.25,18.1,0,0
https://img1.od-cdn.com/ImageType-100/6852-1/{C8FDB61C-AAA5-4F29-BBDC-49C3FE7A74E9}IMG100.JPG,Alive at the End of the World,Saeed,Jones,First,Coffee House Press,1983-07-15,9781566896528,40,24.99,26.41,Sasha,LaPointe
https://img2.od-cdn.com/ImageType-100/1523-1/{B307D2F6-1839-4720-B995-C75B043611C6}Img100.jpg,All Our Wrong Todays,Elan,Mastai,1st,Penguin Publishing Group,1914-09-23,9781101985144,69,35.68,37.53,Jeremy,Weinstein
https://img1.od-cdn.com/ImageType-100/0017-1/{97164C17-830A-414B-8F66-DCBA532034C0}Img100.jpg,All Our Yesterdays,Cristin,Terrill,First,Little Brown Books for Young Readers,1941-05-10,9781423176374,87,26.59,28.55,Annalee,Newitz
https://img1.od-cdn.com/ImageType-100/2390-1/{25FCE2C0-02CE-4859-853B-001D04695ECD}Img100.jpg,All Systems Red,Martha,Wells,First,Tor Publishing Group,2021-10-29,9780765397522,17,46.31,48.2,Charles,Todd
https://img1.od-cdn.com/ImageType-100/2390-1/{ADA51DAD-F8A1-4365-9E21-58126D8DD2F8}Img100.jpg,American Hippo,Sarah,Gailey,First,Tor Publishing Group,2010-09-24,9781250176424,0,54.4,55.47,Gabrielle,Zevin
https://img1.od-cdn.com/ImageType-100/0017-1/{C22288A0-B694-4C1C-8A2F-C347183C8CF6}IMG100.JPG,Ancillary Justice,Ann,Leckie,1st,Orbit,1945-09-03,9780316246637,73,14.25,15.42,John,Banville
https://img1.od-cdn.com/ImageType-100/2390-1/{D61CF3B4-7351-4395-B1C6-D557ED9FBEF6}Img100.jpg,Artificial Condition,Martha,Wells,First,Tor Publishing Group,1904-07-18,9781250186935,89,19.87,21.08,Agatha,Christie
https://img2.od-cdn.com/ImageType-100/0293-1/{B6BCF35B-7683-4276-9EDD-3421CF277D4D}Img100.jpg,Astounding,Alec,Nevala-Lee,First,HarperCollins,1973-04-22,9780062571960,87,20.36,21.54,Donald,Sobol
https://img2.od-cdn.com/ImageType-100/0017-1/{1F9B5233-B3F3-471B-9726-ABD60045E27B}Img100.jpg,Aurora,Kim,Robinson,First,Orbit,1920-07-03,9780316378741,58,34.74,36.45,Naomi,Alderman
https://img2.od-cdn.com/ImageType-100/2390-1/{ACD1CD95-FCCD-4505-8060-332946C6DE8D}Img100.jpg,Automating Inequality,Virginia,Eubanks,1st,St. Martin's Publishing Group,1944-04-08,9781466885967,11,14.67,15.9,0,0
https://img3.od-cdn.com/ImageType-100/2390-1/{855CADA7-7F7F-48C6-8020-C3415C6790E5}Img100.jpg,Autonomous,Annalee,Newitz,First,Tor Publishing Group,1932-12-04,9780765392091,37,37.47,38.81,0,0
https://img2.od-cdn.com/ImageType-100/0293-1/{D4CE7F86-8AD5-44A2-B840-CC5CC01352A9}IMG100.JPG,Breathe,Sarah,Crossan,First,HarperCollins,1991-03-10,9780062118714,100,24.63,25.73,Marisha,Pessl
https://img3.od-cdn.com/ImageType-100/6838-1/{0A731E56-B634-4D87-9D5E-F2C93BC165E4}Img100.jpg,Burnt Offerings,Robert,Marasco,First,Valancourt Books,1918-12-13,9781941147702,34,23.06,24.52,Sarah,Gailey
https://img2.od-cdn.com/ImageType-100/1523-1/{75A9CA7A-6EFB-4A10-A25C-06A41CF8B905}Img100.jpg,Cadillac Desert,Marc,Reisner,1st,Penguin Publishing Group,1975-04-03,9781440672828,26,47.74,49.37,Sarah,Gailey
https://img1.od-cdn.com/ImageType-100/0017-1/{B6CA7D94-F889-449A-997F-F8BA81F99723}Img100.jpg,Children of Time,Adrian,Tchaikovsky,First,Orbit,2004-10-22,9780316452496,78,38.93,40.55,Jean,Korelitz
https://img1.od-cdn.com/ImageType-100/8010-1/{BC8C8C85-60D2-4982-A29D-BB458C5546F7}IMG100.JPG,Chokepoint Capitalism,Rebecca,Giblin,First,Cordoc-Co LLC,2021-09-16,9780807007075,15,32.25,33.72,Ruth,Ware
https://img2.od-cdn.com/ImageType-100/0293-1/{504D9AC5-5125-48F2-929C-305B6E969D2E}Img100.jpg,Closed Casket,Sophie,Hannah,First,HarperCollins,2003-11-23,9780062458841,73,6.89,7.93,Dorothy,Sayers
https://img3.od-cdn.com/ImageType-100/0439-1/{2D6BE786-82ED-4344-8BD8-B2F7A3546883}IMG100.JPG,Cloud Cuckoo Land,Anthony,Doerr,1st,Scribner,1990-06-04,9781982168452,87,7.44,8.81,Lynne,Truss
https://img1.od-cdn.com/ImageType-100/2363-1/{1A83FF2C-303A-4CA7-9BA8-33515F22798D}IMG100.JPG,Clouds of Witness,Dorothy,Sayers,First,Open Road Media,1931-02-04,9781453258859,16,21.14,22.19,Donald,Sobol
https://img2.od-cdn.com/ImageType-100/0044-1/{C65AEB61-930C-4AC5-BE74-E30F9E7258D9}IMG100.JPG,Creatures of Passage,Morowa,Yejidé,First,Akashic Books Ltd.,1915-08-07,9781617758881,48,35.72,36.9,Ruth,Ware
https://img2.od-cdn.com/ImageType-100/0111-1/{AFEB953F-F3E5-4C1D-A820-A5BF08E740A8}Img100.jpg,CUCKOO'S EGG,Clifford,Stoll,1st,Knopf Doubleday Publishing Group,1956-04-15,9780307819420,31,51.18,52.59,Emma,Straub
https://img2.od-cdn.com/ImageType-100/2588-1/{A83BBC13-B514-448B-A8EA-E21A61DCD271}Img100.jpg,Cyanide with Christie,Katherine,Hyde,First,Severn House,1989-10-14,9781448301782,92,27.62,29.23,Andy,Weir
https://img1.od-cdn.com/ImageType-100/2363-1/{CD1A14F9-81B9-46BD-8668-6A6A2274AD58}Img100.jpg,Dawn,Octavia,Butler,First,Open Road Media,1988-03-18,9780446603775,29,7.23,8.87,Martha,Wells
https://img3.od-cdn.com/ImageType-100/0293-1/{DC2C2BB8-EF2A-4015-8C1C-F0E7573FED75}IMG100.JPG,Demon Copperhead,Barbara,Kingsolver,1st,HarperCollins,1950-08-23,9780063251991,17,29.76,30.81,0,0
https://img3.od-cdn.com/ImageType-100/4051-1/{44EB02D7-DA3B-4FA4-BC10-6668400FAC4B}Img100.jpg,Diaspora,Greg,Egan,First,Self Published,1990-01-14,9781922240255,94,14.22,15.34,Cixin,Liu
https://img3.od-cdn.com/ImageType-100/0111-1/{F9AAA19C-74AB-42C1-BD3D-4CFB10316DFE}Img100.jpg,Disappearing Earth,Julia,Phillips,First,Knopf Doubleday Publishing Group,1915-08-21,9780525520429,72,33.76,35.28,Shirley,Jackson
https://img1.od-cdn.com/ImageType-100/0111-1/{BDA9BC25-7E5E-4730-86BA-31F4230D5266}IMG100.JPG,Doomsday Book,Connie,Willis,First,Random House Worlds,2021-02-21,9780307784445,3,8.93,10.35,Katherine,Hyde
https://img2.od-cdn.com/ImageType-100/2390-1/{5A734515-8BE8-47C5-9DC1-CBC56CDDCB38}Img100.jpg,Draft No. 4,John,McPhee,1st,Farrar Straus and Giroux,1941-10-11,9780374712396,49,44.87,46.73,Sarah,Gailey
https://img3.od-cdn.com/ImageType-100/1523-1/{ed0c4271-7a85-4999-adc5-060525dc6082}Img100.jpg,Eats Shoots & Leaves,Lynne,Truss,First,Penguin Publishing Group,1921-10-12,9781101218297,38,34.45,36.11,Elly,Griffiths
https://img3.od-cdn.com/ImageType-100/2390-1/{8237AF27-8B24-4E9D-A81C-329561F1DE6B}IMG100.JPG,Emergent Properties,Aimee,Ogden,First,Tor Publishing Group,1925-06-10,9781250866820,17,14.33,16.12,Becky,Chambers
https://img2.od-cdn.com/ImageType-100/1523-1/{37DDC69D-4D07-4E8E-9742-3DFADA27E616}Img100.jpg,Encyclopedia Brown and the Case of the Carnival Crime,Donald,Sobol,First,Penguin Young Readers Group,1985-04-25,9781101535752,61,40.57,41.9,0,0
https://img2.od-cdn.com/ImageType-100/1523-1/{DEDBC2B2-75A4-47D9-A172-1ECA73774143}Img100.jpg,Encyclopedia Brown and the Case of the Dead Eagles,Donald,Sobol,1st,Penguin Young Readers Group,1921-01-03,9781101042366,12,9.14,10.81,Agatha,Christie
https://img1.od-cdn.com/ImageType-100/0111-1/{988162CA-37B2-429C-B93F-04C60B54B55A}Img100.jpg,Encyclopedia Brown and the Case of the Mysterious Handprints,Donald,Sobol,First,Random House Children's Books,1981-10-29,9780307781970,83,24.6,26.22,0,0
https://img1.od-cdn.com/ImageType-100/1523-1/{32B4DEF7-3B6A-471D-A7BC-7238EC6ABD0F}Img100.jpg,Encyclopedia Brown and the Case of the Secret Pitch,Donald,Sobol,First,Penguin Young Readers Group,1907-07-25,9781101007105,51,34.1,35.49,Kemi,Ashing-Giwa
https://img2.od-cdn.com/ImageType-100/1523-1/{4AA600F7-65E5-448A-B911-A01001F0FDB9}Img100.jpg,Encyclopedia Brown Finds the Clues,Donald,Sobol,1st,Penguin Young Readers Group,1912-01-20,9781101007082,15,18.01,19.71,Andy,Weir
https://img3.od-cdn.com/ImageType-100/1523-1/{9CD65C92-868F-4B23-9142-5186BD7BDE6A}Img100.jpg,Encyclopedia Brown Gets His Man,Donald,Sobol,First,Penguin Young Readers Group,1974-12-02,9781101007099,0,38.82,39.96,Brenda,Peynado
https://img2.od-cdn.com/ImageType-100/1523-1/{4432EA5A-86C2-4671-A199-7332D52057E3}Img100.jpg,Encyclopedia Brown Keeps the Peace,Donald,Sobol,First,Penguin Young Readers Group,1968-08-27,9781101042359,7,7.01,8.32,Donald,Sobol
https://img2.od-cdn.com/ImageType-100/1523-1/{7CCEF964-AD3A-4A16-B2B1-814C18FA9DA6}Img100.jpg,Encyclopedia Brown Solves Them All,Donald,Sobol,First,Penguin Young Readers Group,1944-11-02,9781101042335,67,17.64,18.89,Annalee,Newitz
https://img3.od-cdn.com/ImageType-100/1523-1/{5359D9A7-58BC-4A54-89B8-014E44ED5015}Img100.jpg,Encyclopedia Brown Boy Detective,Donald,Sobol,First,Penguin Young Readers Group,1957-12-06,9781101007112,65,49.83,51.69,Stanislaw,Lem
https://img1.od-cdn.com/ImageType-100/0293-1/{DFD944E1-E513-4DE2-81C0-8908F4389538}IMG100.JPG,Everyone in My Family Has Killed Someone,Benjamin,Stevenson,1st,HarperCollins,1996-12-02,9780063279049,92,30.76,32.35,Julia,Phillips
https://img1.od-cdn.com/ImageType-100/0293-1/{EEF2DFAE-5707-4C3E-A60D-98E7EA98C731}IMG100.JPG,Everyone on This Train Is a Suspect,Benjamin,Stevenson,First,HarperCollins,2013-06-09,9780063279094,2,10.68,11.74,Ken,Liu
https://img2.od-cdn.com/ImageType-100/1936-1/{3EA6A654-D4E0-45B6-B01B-3305B2D4AD53}Img100.jpg,Everything You Know about Indians Is Wrong,Paul,Chaat-Smith,1st,University of Minnesota Press,1933-05-01,9780816668106,6,54.24,55.35,Rob,Reich
https://img1.od-cdn.com/ImageType-100/0293-1/{C2F2DD6B-54D0-429D-AEAD-C588443C8226}IMG100.JPG,Evil Under the Sun,Agatha,Christie,First,HarperCollins,1934-11-15,9780061741937,86,16.88,17.96,John,Banville
https://img2.od-cdn.com/ImageType-100/0111-1/{80B8C36B-D9E5-4278-B94F-5403F2DCB583}Img100.jpg,Exhalation,Ted,Chiang,First,Knopf Doubleday Publishing Group,1902-06-24,9781101947906,91,7.66,9.6,NK,Jemisin
https://img2.od-cdn.com/ImageType-100/2390-1/{3F3BBF2D-D6FB-445B-B504-9CB79A2CCC7C}Img100.jpg,Exit Strategy,Martha,Wells,First,Tor Publishing Group,1956-09-02,9781250185464,34,30.97,32.33,0,0
https://img2.od-cdn.com/ImageType-100/1523-1/{65F4230C-23EF-4709-A467-90C7ED2166FE}Img100.jpg,Filthy Animals,Brandon,Taylor,1st,Penguin Publishing Group,1934-11-14,9780525538936,41,10.58,12.36,Yoon,Choi
https://img2.od-cdn.com/ImageType-100/0290-1/{D8AD26E9-8996-47AA-8879-71FE4257CCDF}Img100.jpg,Finnegans Wake,James,Joyce,First,Penguin Books Ltd,1950-06-10,9780241246542,71,30.22,31.64,Morowa,Yejidé
https://img2.od-cdn.com/ImageType-100/0111-1/{6132C22F-5622-4CB2-A2ED-0B05E56B6232}Img100.jpg,Fire Watch,Connie,Willis,First,Random House Worlds,1930-02-10,9780307573421,35,43.64,45.33,Becky,Chambers
https://img3.od-cdn.com/ImageType-100/6852-1/{77D03163-ACD7-4DD9-99B5-713E477E757C}IMG100.JPG,Five Tuesdays in Winter,Lily,King,First,Grove Atlantic,2012-01-24,9780802158772,91,43.62,45.08,Lucy,Foley
https://img3.od-cdn.com/ImageType-100/0293-1/{FFE44AE9-CC4F-4981-8CB4-F7F377AF3C60}IMG100.JPG,Flowers for Algernon,Daniel,Keyes,1st,HarperCollins,1994-08-24,9780547539638,86,36.88,38.22,Marc,Reisner
https://img1.od-cdn.com/ImageType-100/0044-1/{9B870137-78D9-49E0-81E1-33449AD835A6}Img100.jpg,Four Lost Cities,Annalee,Newitz,First,W. W. Norton & Company,1926-11-21,9780393652673,94,31.85,33.74,Agatha,Christie
https://img1.od-cdn.com/ImageType-100/0111-1/{A08A9053-ADF4-4092-8CE5-A01CE99A8543}IMG100.JPG,From a Certain Point of View,Seth,Dickinson,First,Random House Worlds,1989-04-18,9780593157756,58,37.69,39.28,Ruth,Ware
https://img2.od-cdn.com/ImageType-100/2390-1/{1A9BCCCF-AA4B-42E9-8167-505793370F3C}Img100.jpg,Fugitive Telemetry,Martha,Wells,1st,Tor Publishing Group,1982-12-29,9781250765383,28,36.55,38.38,0,0
https://img1.od-cdn.com/ImageType-100/1523-1/{4174200F-B18D-4C2C-A46F-C422310C77E6}Img100.jpg,Gold Fame Citrus,Claire,Watkins,First,Penguin Publishing Group,1990-05-03,9780698195943,72,30.25,31.4,Tobias,Buckell
https://img1.od-cdn.com/ImageType-100/0017-1/{ACB26A57-D8F8-4C4B-BBC9-21A5A3E65F49}IMG100.JPG,Happy-Go-Lucky,David,Sedaris,First,Little Brown and Company,1925-04-13,9780316392440,16,15.82,17.31,Malka,Older
https://img3.od-cdn.com/ImageType-100/0293-1/{976A6CB7-3B55-4732-9F1C-4C681A66A5E4}IMG100.JPG,Hercule Poirot's Silent Night,Sophie,Hannah,First,HarperCollins,1906-05-10,9780062991652,82,43.63,45.51,Lynne,Truss
https://img2.od-cdn.com/ImageType-100/0017-1/{438FD70B-F3AB-4984-9404-1CEB871C9A28}Img100.jpg,Holidays on Ice,David,Sedaris,1st,Little Brown and Company,1914-12-20,9780316073639,100,7.78,9.62,Max,Gladstone
https://img3.od-cdn.com/ImageType-100/0439-1/{BA0074C0-4CF9-46F8-A310-4D9823BEA953}IMG100.JPG,Holly,Stephen,King,First,Scribner,1936-06-06,9781668014950,29,8.21,9.9,0,0
https://img1.od-cdn.com/ImageType-100/2390-1/{C50235B1-5F07-495B-BA8F-A1316F674637}IMG100.JPG,Home,Martha,Wells,First,Tor Publishing Group,1901-03-09,9781250838865,68,53.5,55.34,0,0
https://img1.od-cdn.com/ImageType-100/0293-1/{E72F2C93-A913-4EF7-8F89-EEB45DF09DF2}IMG100.JPG,How High We Go in the Dark,Sequoia,Nagamatsu,First,HarperCollins,2021-11-30,9780063072664,56,53.24,54.82,Benjamin,Stevenson
https://img3.od-cdn.com/ImageType-100/0017-1/{1CB2A6DF-BA0B-49BC-B7EF-F1ED01846B84}Img100.jpg,How Long 'til Black Future Month?,NK,Jemisin,1st,Orbit,2022-03-08,9780316491358,32,25.97,26.97,Donald,Sobol
https://img2.od-cdn.com/ImageType-100/1523-1/{2A4EEFBC-36EF-4672-9C84-CCD5B3B4EAD8}Img100.jpg,How to Read Now,Elaine,Castillo,First,Penguin Publishing Group,1928-09-21,9780593489642,55,49.58,51.03,Navah,Wolfe
https://img3.od-cdn.com/ImageType-100/0111-1/{7CF3A00F-BD7E-4AC9-A2BC-B48BF19077B0}IMG100.JPG,How to Stay Smart in a Smart World,Gerd,Gigerenzer,First,MIT Press,1905-12-10,9780262370042,2,53.41,55.37,Navah,Wolfe
https://img1.od-cdn.com/ImageType-100/1523-1/{A49084D7-FB1E-4E85-9FF7-4423E5F3FA9C}IMG100.JPG,I Have Some Questions for You,Rebecca,Makkai,First,Penguin Publishing Group,2012-04-14,9780593490150,35,51.63,53.27,Anna,James
https://img3.od-cdn.com/ImageType-100/1523-1/{D2B1B908-3396-4E14-B77B-3DEF83CD09C2}IMG100.JPG,I Love You but I've Chosen Darkness,Claire,Watkins,1st,Penguin Publishing Group,1983-12-26,9780593330234,9,54.17,55.96,Keith,Houston
https://img3.od-cdn.com/ImageType-100/0111-1/{D5A278F4-5B16-42ED-9BC1-5F00A24897EA}Img100.jpg,If Then,Kate,Day,First,Random House Publishing Group,1931-01-07,9780525511236,35,43.44,44.5,Sarah,Crossan
https://img3.od-cdn.com/ImageType-100/0439-1/{5D26CC09-8C4B-4BD3-A008-894641482AA0}IMG100.JPG,In a Dark Dark Wood,Ruth,Ware,First,Gallery/Scout Press,1983-08-11,9781501112324,9,49.95,51.4,Gabrielle,Zevin
https://img1.od-cdn.com/ImageType-100/2390-1/{27BA3A0F-7668-4968-BFAF-5118541AE443}IMG100.JPG,In the Lives of Puppets,TJ,Klune,First,Tor Publishing Group,1974-02-26,9781250217424,31,32.65,33.93,Vernor,Vinge
https://img1.od-cdn.com/ImageType-100/2390-1/{DA6A37E7-9F52-41DD-8D9D-09FB0EDE6F8D}Img100.jpg,Infomocracy,Malka,Older,First,Tor Publishing Group,1983-10-04,9780765385147,29,34.23,36.06,0,0
https://img1.od-cdn.com/ImageType-100/2390-1/{E1D38391-8FA3-4693-9641-7D5A990C13AD}Img100.jpg,Invisible Planets,Ken,Liu,First,Tor Publishing Group,1983-05-20,9780765384188,37,12.18,13.95,Sophie,Hannah
https://img2.od-cdn.com/ImageType-100/0439-1/{F11000A6-C5C1-4AAC-8684-C552DDCA36B1}IMG100.JPG,Is This Anything?,Jerry,Seinfeld,First,Simon & Schuster,1928-03-02,9781982112745,42,46.58,47.76,Connie,Willis
https://img1.od-cdn.com/ImageType-100/2390-1/{469911A3-03CB-4AB3-A6E4-6D2FB6C452BD}IMG100.JPG,Just Like Home,Sarah,Gailey,1st,Tor Publishing Group,1924-12-03,9781250174703,49,6.86,8.44,Chris,Riccomini
https://img1.od-cdn.com/ImageType-100/0111-1/{053B755D-30C2-49E4-911C-47F220ABDFF4}Img100.jpg,Klara and the Sun,Kazuo,Ishiguro,First,Knopf Doubleday Publishing Group,1972-05-10,9780593318188,8,25.24,26.25,Claire,Watkins
https://img2.od-cdn.com/ImageType-100/0111-1/{88255471-C112-4740-A694-653ECE1B15CD}Img100.jpg,Last Night in Montreal,Emily,St.JohnMandel,First,Knopf Doubleday Publishing Group,1967-07-27,9781936071456,100,18.25,19.56,Ruth,Ware
https://img3.od-cdn.com/ImageType-100/2390-1/{AB6DF53A-D557-43BD-B37D-304615CADA3B}IMG100.JPG,Light From Uncommon Stars,Ryka,Aoki,1st,Tor Publishing Group,2020-04-11,9781250789075,59,24.99,26.38,0,0
https://img1.od-cdn.com/ImageType-100/1071-1/{BC03AD70-8EDD-4AE2-9D15-C1FF311A82A8}IMG100.JPG,Light Years from Home,Mike,Chen,First,MIRA Books,1980-08-17,9780369706553,87,15.49,17.25,Aimee,Ogden
https://img2.od-cdn.com/ImageType-100/0111-1/{E0DB3BF9-01F9-4379-8286-72C84F5C6BB3}Img100.jpg,Machines Like Me,Ian,McEwan,First,Knopf Doubleday Publishing Group,1950-07-18,9780385545129,16,45.87,47.85,Shelby,VanPelt
https://img2.od-cdn.com/ImageType-100/2390-1/{8F724602-72C5-457B-841E-3729E7476148}Img100.jpg,Magic for Liars,Sarah,Gailey,First,Tor Publishing Group,1938-11-23,9781250174604,30,27.84,29.63,Micaiah,Johnson
https://img1.od-cdn.com/ImageType-100/0044-1/{2B05DAC1-F4AD-4B0E-8879-89985CB8E4FE}IMG100.JPG,Many Things Under a Rock,David,Scheel,First,W. W. Norton & Company,1932-11-18,9781324020707,5,8.5,10.33,Jane,Smiley
https://img1.od-cdn.com/ImageType-100/0293-1/{33BEB7F1-C852-4960-B9A1-D99D7DFF36EA}IMG100.JPG,Marple,Agatha,Christie,1st,HarperCollins,2001-08-01,9780063136076,34,22.79,24.19,Sophie,Hannah
https://img3.od-cdn.com/ImageType-100/0017-1/{93C27501-D4DB-456F-BC82-785983890CF3}IMG100.JPG,Math with Bad Drawings,Ben,Orlin,First,Running Press,1912-05-15,9780316509022,77,22.46,23.8,Charles,Todd
https://img3.od-cdn.com/ImageType-100/2363-1/{9D7188D6-E0D6-43EE-84C2-A35B5EDB312A}IMG100.JPG,Men Explain Things to Me,Rebecca,Solnit,First,Haymarket Books,1928-07-16,9781608464579,86,44.62,46.6,Mabel,Seeley
https://img2.od-cdn.com/ImageType-100/2390-1/{0743509A-489C-4F05-9079-D0AE839C1A65}IMG100.JPG,Mickey7,Edward,Ashton,First,St. Martin's Publishing Group,1956-03-09,9781250275042,71,38.49,40.09,Martha,Wells
https://img3.od-cdn.com/ImageType-100/0111-1/{C3075460-F323-440B-BD82-981C6F806DDB}Img100.jpg,Moo,Jane,Smiley,1st,Knopf Doubleday Publishing Group,1913-02-18,9780307805294,30,39.93,40.95,Lucy,Foley
https://img2.od-cdn.com/ImageType-100/0293-1/{4276BBA2-F02F-4FC9-BF34-D488C47059CF}Img100.jpg,Moonflower Murders,Anthony,Horowitz,First,HarperCollins,1963-04-10,9780062955470,63,38.23,39.29,Lucy,Foley
https://img3.od-cdn.com/ImageType-100/0293-1/{D24FCA76-6BEC-43CF-9F5B-0F5E145F27E7}Img100.jpg,Moriarty,Anthony,Horowitz,First,HarperCollins,1919-08-11,9780062377203,59,54.83,56.04,Chris,Riccomini
https://img3.od-cdn.com/ImageType-100/1371-1/{7657192D-E4C9-4F7D-B8E5-B33407EEA93E}Img100.jpg,Murder Below Zero,John,Reynolds,1st,Orca Book Publishers,1995-12-15,9781459814615,63,24.5,26.24,Ursula,LeGuin
https://img3.od-cdn.com/ImageType-100/1523-1/{99E1FC4F-77A9-4392-B9CD-82D73659EA8A}IMG100.JPG,My Murder,Katie,Williams,First,Penguin Publishing Group,1934-06-04,9780593543788,86,28.66,29.7,Claire,Watkins
https://img2.od-cdn.com/ImageType-100/1523-1/{A113AF96-A722-4CEC-830F-A76AA527621F}IMG100.JPG,Nasty Brutish and Short,Scott,Hershovitz,First,Penguin Publishing Group,1997-08-07,9781984881823,75,8.43,9.94,Rich,Larson
https://img1.od-cdn.com/ImageType-100/2390-1/{C281DA9F-9BE7-47AF-9343-350EF10500FD}Img100.jpg,Network Effect,Martha,Wells,First,Tor Publishing Group,1908-11-24,9781250229847,60,38.6,40.5,0,0
https://img2.od-cdn.com/ImageType-100/0111-1/{B3BCE105-F9A9-4A22-BE7B-2C5DA65C67CE}Img100.jpg,Neverworld Wake,Marisha,Pessl,1st,Random House Children's Books,2015-07-17,9780399553950,64,49.82,50.93,Anna,James
https://img2.od-cdn.com/ImageType-100/0111-1/{900DF072-BB3F-48B7-B8B4-47C105D57E6A}IMG100.JPG,Noor,Nnedi,Okorafor,First,Astra Publishing House,1906-03-28,9780698175174,1,31.88,33.39,Lucy,Foley
https://img2.od-cdn.com/ImageType-100/0017-1/{1E9456F8-A6DA-4C99-9D05-15B512A7A551}Img100.jpg,Notes from the Burning Age,Claire,North,First,Orbit,1915-03-16,9780316498852,56,42.07,44.02,Lynne,Truss
https://img3.od-cdn.com/ImageType-100/2390-1/{B1390A2C-ACBB-4858-8AC5-DD17D1CB4B9E}Img100.jpg,Null States,Malka,Older,First,Tor Publishing Group,1915-09-08,9780765393371,46,38.64,39.65,Connie,Willis
https://img2.od-cdn.com/ImageType-100/1523-1/{92BBDBBA-3A5F-4FB0-A00B-B2C2FF32C877}IMG100.JPG,On Earth We're Briefly Gorgeous,Ocean,Vuong,1st,Penguin Publishing Group,2003-12-09,9780525562030,11,49.12,50.36,Ursula,LeGuin
https://img3.od-cdn.com/ImageType-100/0439-1/{7DE71D5F-500F-4F45-B6EB-7E55DC6C4E67}IMG100.JPG,One by One,Ruth,Ware,First,Gallery/Scout Press,1949-12-18,9781501188831,11,42.33,43.43,Dorothy,Sayers
https://img2.od-cdn.com/ImageType-100/0017-1/{4B1A85F2-7D5F-4181-8E52-61EA61134A62}IMG100.JPG,Origin,Jennifer,Raff,First,Grand Central Publishing,1909-05-25,9781538749708,60,36.48,37.67,Annalee,Newitz
https://img3.od-cdn.com/ImageType-100/2363-1/{B7C72EA2-F790-42BC-958A-78A6E7F98A0E}Img100.jpg,Parable of the Sower,Octavia,Butler,1st,Open Road Media,2005-04-30,9780446675505,43,21.2,22.98,Rebecca,Solnit
https://img1.od-cdn.com/ImageType-100/0293-1/{A59C1B31-6F5A-4CE7-B0EB-8A5A59BF384A}IMG100.JPG,Poirot Investigates,Agatha,Christie,First,HarperCollins,1966-09-10,9780061749605,25,49.19,50.57,Amal,El-Mohtar
https://img3.od-cdn.com/ImageType-100/1523-1/{52CF0881-A29F-448C-BA6C-2729BC9FAEEC}Img100.jpg,Portrait of a Thief,Grace,Li,First,Penguin Publishing Group,2015-12-02,9780593186077,57,46.84,48.58,0,0
https://img3.od-cdn.com/ImageType-100/2390-1/{671112AA-5A03-4918-A512-C56EC14FA450}Img100.jpg,Rainbows End,Vernor,Vinge,First,Tor Publishing Group,1990-01-08,9781429991896,91,28.07,29.29,Jean,Korelitz
https://img2.od-cdn.com/ImageType-100/0111-1/{8893E11E-7610-4D28-9270-4050E9B31320}Img100.jpg,Ready Player One,Ernest,Cline,First,Random House Publishing Group,1957-08-18,9780307887450,17,38.82,40.73,Anna,James
https://img1.od-cdn.com/ImageType-100/0111-1/{A07FED95-356B-460F-B90D-0AEB35228D74}Img100.jpg,Recursion,Blake,Crouch,1st,Random House Publishing Group,2014-01-02,9781524759803,81,13.47,15.13,Emily,St.JohnMandel
https://img2.od-cdn.com/ImageType-100/0111-1/{0EAFE4C7-7C09-4502-81B4-D2218CAF283B}Img100.jpg,Red Mars,Kim,Robinson,First,Random House Worlds,1999-01-09,9780553898279,53,24.61,25.95,Mabel,Seeley
https://img2.od-cdn.com/ImageType-100/0111-1/{5D095426-8E15-4476-95B1-1157C31760A7}IMG100.JPG,Red Paint,Sasha,LaPointe,First,Catapult,1956-10-14,9781640094154,34,50.43,51.95,NK,Jemisin
https://img1.od-cdn.com/ImageType-100/0293-1/{DD758F84-1695-4D15-ADEB-BEF3536DC571}IMG100.JPG,Remarkably Bright Creatures,Shelby,VanPelt,First,HarperCollins,1941-01-30,9780063204171,89,48.92,50.61,Shirley,Jackson
https://img2.od-cdn.com/ImageType-100/2390-1/{EA73CF8C-463C-4FF3-A6D4-C62F86416648}Img100.jpg,Rocannon's World / Planet of Exile / City of Illusions,Ursula,LeGuin,1st,Tor Publishing Group,1991-03-18,9780765397669,24,53.19,54.46,José,Saramago
https://img2.od-cdn.com/ImageType-100/2390-1/{417A5B52-FA95-4B51-A5D8-CAEF76540C97}Img100.jpg,Rogue Protocol,Martha,Wells,First,Tor Publishing Group,1946-06-10,9781250185433,14,29.59,31.05,Thomas,Bernhard
https://img3.od-cdn.com/ImageType-100/0111-1/{996A854D-8B01-4D06-A5E8-A91E751F6FA1}IMG100.JPG,Sea of Tranquility,Emily,St.JohnMandel,1st,Knopf Doubleday Publishing Group,1930-12-06,9780593321454,52,31.31,33.08,Donald,Sobol
https://img1.od-cdn.com/ImageType-100/2363-1/{AB8C4B74-66CD-493B-A8A0-6159CEE8215D}IMG100.JPG,Semicolon,Cecelia,Watson,First,HarperCollins,1961-11-09,9780062853073,36,20.77,22.26,Daniel,Keyes
https://img1.od-cdn.com/ImageType-100/0044-1/{A112B09D-F96C-49E0-8341-C8E6F7476881}Img100.jpg,Shady Characters,Keith,Houston,First,W. W. Norton & Company,1903-10-04,9780393241549,82,54.75,56.1,Julia,Phillips
https://img2.od-cdn.com/ImageType-100/1523-1/{1904C73A-4AC7-4E40-BC61-977C386194D9}Img100.jpg,Sign Here,Claudia,Lux,First,Penguin Publishing Group,1999-09-30,9780593545782,13,49.32,50.63,0,0
https://img3.od-cdn.com/ImageType-100/0111-1/{A41A12A4-ADC1-4254-BAED-B4FFA2212741}Img100.jpg,Skinship,Yoon,Choi,1st,Knopf Doubleday Publishing Group,2014-02-19,9780593318225,75,27.38,28.97,Ernest,Cline
https://img1.od-cdn.com/ImageType-100/1071-1/{052ECEAC-F39F-4D00-8DB4-89E22E2DF61B}Img100.jpg,Snow,John,Banville,First,Hanover Square Press,1966-11-23,9781488077197,16,29.08,30.94,Kazuo,Ishiguro
https://img3.od-cdn.com/ImageType-100/0439-1/{9D7A4782-51B8-4C07-8EF2-70EC2803A857}Img100.jpg,Space Opera,Catherynne,Valente,First,S&S/Saga Press,2000-05-06,9781481497510,90,31.06,32.63,Catherine,Howard
https://img3.od-cdn.com/ImageType-100/2363-1/{E621ED69-B16E-4C46-991C-4DEA727A05AB}IMG100.JPG,Spine Poems,Annette,Simon,First,HarperCollins,1918-07-21,9780063208230,64,13.3,15.01,Ann,Leckie
https://img2.od-cdn.com/ImageType-100/2390-1/{F8D51699-7905-4107-8FC7-05409712F843}Img100.jpg,State Tectonics,Malka,Older,1st,Tor Publishing Group,1968-06-22,9780765399465,28,47.05,48.84,Naomi,Alderman
https://img2.od-cdn.com/ImageType-100/0111-1/{71756B04-EB6F-44D2-B2EA-6C92FBF44658}IMG100.JPG,Station Eleven,Emily,St.JohnMandel,First,Knopf Doubleday Publishing Group,1991-02-26,9780385353311,17,39.4,41.28,Jane,Smiley
https://img2.od-cdn.com/ImageType-100/2390-1/{4A6610AA-C8FF-484C-977E-A67639044C5C}IMG100.JPG,System Collapse,Martha,Wells,First,Tor Publishing Group,1913-12-26,9781250826985,89,21.4,22.91,Elaine,Castillo
https://img2.od-cdn.com/ImageType-100/0293-1/{26D8A74D-CA30-44D0-8C3D-A72142C55C2E}Img100.jpg,System Error,Rob,Reich,1st,HarperCollins,1989-02-09,9780063066205,31,10.1,11.7,Kemi,Ashing-Giwa
https://img3.od-cdn.com/ImageType-100/0439-1/{DD3DA707-F59C-446F-A78E-C21A59206469}Img100.jpg,Tales From the Loop,Simon,Stålenhag,First,Saga Press,1969-07-09,9781982150709,41,33.4,34.95,Paolo,Bacigalupi
https://img3.od-cdn.com/ImageType-100/1523-1/{8E90927F-1ED7-41A0-8270-F0B964914030}Img100.jpg,Tell the Machine Goodnight,Katie,Williams,First,Penguin Publishing Group,2010-08-05,9780525533146,52,30.87,32.74,Octavia,Butler
https://img1.od-cdn.com/ImageType-100/0111-1/{AAB4EB76-A12C-422F-99DF-C9D998FDED77}Img100.jpg,Terra Incognita,Connie,Willis,First,Random House Worlds,1971-03-13,9781524796877,92,42.04,43.39,Claire,Watkins
https://img3.od-cdn.com/ImageType-100/0293-1/{E5CD7562-3D7E-47E7-8681-1E073E17A910}Img100.jpg,The Adventure of the Cheap Flat,Agatha,Christie,First,HarperCollins,1996-11-18,9780062298102,35,44.04,45.15,Sarah,Gailey
https://img1.od-cdn.com/ImageType-100/0111-1/{15D983CB-CD1A-4C0A-BE4F-A23C67D49071}Img100.jpg,The Best of Connie Willis,Connie,Willis,1st,Random House Worlds,1919-08-18,9780345540652,7,24.3,25.79,Lynne,Truss
https://img2.od-cdn.com/ImageType-100/0017-1/{34AD830E-22D5-4B7A-97B6-6D8182EA5EAA}Img100.jpg,The Best of Me,David,Sedaris,First,Little Brown and Company,1902-05-18,9780316628259,97,47.75,49.66,Paolo,Bacigalupi
https://img1.od-cdn.com/ImageType-100/0017-1/{E6831FB7-BDFB-4404-B586-7A4B0B17EEFD}Img100.jpg,The Book of Lost and Found,Lucy,Foley,First,Little Brown and Company,1980-03-14,9780316375061,57,12.58,14.25,Joanne,Ramos
https://img2.od-cdn.com/ImageType-100/1523-1/{3365B00A-E541-432E-9618-8A2B3EC27CE8}Img100.jpg,The Bookwanderers,Anna,James,First,Penguin Young Readers Group,2017-02-05,9781984837134,77,43.15,44.79,Ruth,Ware
https://img1.od-cdn.com/ImageType-100/0293-1/{A5C8CB4E-8955-4A35-B06C-7791946EE883}IMG100.JPG,The Chocolate Touch,Patrick,Catling,1st,HarperCollins,1930-01-17,9780062283610,68,25.92,27.22,Catherine,Howard
https://img1.od-cdn.com/ImageType-100/1523-1/{D0ADA536-721E-4EFE-9C09-56CDAD7B6158}Img100.jpg,The Chuckling Fingers,Mabel,Seeley,1st,Penguin Publishing Group,1975-05-14,9780593334577,83,29.39,31.14,0,0
https://img1.od-cdn.com/ImageType-100/2389-1/{A9298094-CCBD-4086-8307-CB7781E8E2DA}IMG100.JPG,The Circular Staircase,Mary,Rinehart,First,Duke Classics,2024-02-05,9781620135549,17,47.79,48.79,0,0
https://img1.od-cdn.com/ImageType-100/0017-1/{2DCD7E43-2275-44E9-BB2C-395D674B164A}Img100.jpg,The City We Became,NK,Jemisin,First,Orbit,1992-05-21,9780316509855,51,52.31,53.54,0,0
https://img1.od-cdn.com/ImageType-100/2390-1/{C85F7960-97CE-435D-88B8-6DAD590DF21E}IMG100.JPG,The Dark Forest,Cixin,Liu,First,Tor Publishing Group,1957-11-07,9781466853430,32,9.91,10.96,Ursula,LeGuin
https://img3.od-cdn.com/ImageType-100/0439-1/{B936A53E-2666-48F2-B2DB-F15DB2AF7D73}IMG100.JPG,The Death of Mrs. Westaway,Ruth,Ware,1st,Gallery/Scout Press,1982-11-11,9781501156229,30,8.42,9.54,Sarah,Gailey
https://img1.od-cdn.com/ImageType-100/7635-1/{6C3E0A5A-F317-433F-A9AA-AB837650E267}Img100.jpg,The Death of the Necromancer,Martha,Wells,First,Martha Wells,1945-08-30,9780380973347,98,52.51,54.04,Barbara,Kingsolver
https://img3.od-cdn.com/ImageType-100/2390-1/{A27D7E4F-6490-4084-8B33-C2ED7595A64F}IMG100.JPG,The Deep Sky,Yume,Kitasei,First,Flatiron Books,1935-11-01,9781250875341,3,5.43,7.15,Emily,St.JohnMandel
https://img2.od-cdn.com/ImageType-100/0017-1/{8C28C377-95CD-4071-9570-251EAB6C6EEC}Img100.jpg,The Doubt Factory,Paolo,Bacigalupi,First,Little Brown Books for Young Readers,1977-09-12,9780316220743,98,17.73,19.49,Clifford,Stoll
https://img3.od-cdn.com/ImageType-100/2390-1/{C74C0342-1F1E-452C-A38C-BBEFAEEBEA78}IMG100.JPG,The Echo Wife,Sarah,Gailey,1st,Tor Publishing Group,1930-09-16,9781250174659,92,45.16,46.51,0,0
https://img3.od-cdn.com/ImageType-100/0111-1/{4359C444-5676-44C5-B742-E3EC611611F0}Img100.jpg,The Farm,Joanne,Ramos,First,Random House Publishing Group,1954-08-31,9781984853769,77,33.52,34.66,Brandon,Taylor
https://img2.od-cdn.com/ImageType-100/0017-1/{3D25E5C6-FCA9-42E4-A98D-724A1302C3F7}Img100.jpg,The Fifth Season,NK,Jemisin,First,Orbit,1930-04-28,9780316229302,0,28.16,29.44,Shehan,Karunatilaka
https://img3.od-cdn.com/ImageType-100/2363-1/{0E3CA8A9-3858-4E35-80E4-17516DAD5A66}IMG100.JPG,The Five Red Herrings,Dorothy,Sayers,1st,Open Road Media,1921-04-11,9781453258903,95,12.05,13.11,David,Scheel
https://img1.od-cdn.com/ImageType-100/7635-1/{6DCD6B99-6FB0-421F-9C9E-8F55320785BF}IMG100.JPG,The Frugal Wizard's Handbook for Surviving Medieval England,Brandon,Sanderson,First,Dragonsteel Entertainment LLC,1995-04-03,9781938570384,46,51.66,53.01,NK,Jemisin
https://img2.od-cdn.com/ImageType-100/0439-1/{EEAA235B-893F-4AA4-B842-CB5D328331C2}IMG100.JPG,The Future,Naomi,Alderman,First,Simon & Schuster,1916-05-27,9781668025703,78,33.45,34.61,Emily,St.JohnMandel
https://img2.od-cdn.com/ImageType-100/2390-1/{CD40E8A5-3264-4F2E-8535-AB5BEF8AE8BB}IMG100.JPG,The Future of Another Timeline,Annalee,Newitz,First,Tor Publishing Group,1993-05-31,9780765392121,22,46.92,48.17,Bill,Bryson
https://img1.od-cdn.com/ImageType-100/0293-1/{31194DB1-A104-489F-A195-A1FFB4F90973}Img100.jpg,The Girl from Everywhere,Heidi,Heilig,First,HarperCollins,1966-06-19,9780062380777,34,45.17,46.42,0,0
https://img1.od-cdn.com/ImageType-100/0111-1/{F0EEFC15-6CAE-416A-89AC-82A4D4951E2C}Img100.jpg,The Glass Hotel,Emily,St.JohnMandel,1st,Knopf Doubleday Publishing Group,1930-12-07,9780525521150,13,19.24,20.92,Connie,Willis
https://img3.od-cdn.com/ImageType-100/2363-1/{0274D5D1-1CDC-44E4-8872-41E74E7C224D}IMG100.JPG,The Gospel According to Jesus Christ,José,Saramago,First,Houghton Mifflin Harcourt,1940-03-08,9780547540047,28,41.92,43.79,Connie,Willis
https://img3.od-cdn.com/ImageType-100/0293-1/{B608B7F2-7939-421F-85B7-309B0E6C9C8B}IMG100.JPG,The Guest List,Lucy,Foley,First,HarperCollins,2007-07-15,9780062868954,53,34.79,36.01,Donald,Sobol
https://img3.od-cdn.com/ImageType-100/1523-1/{785F011D-3A2C-4CCE-B004-F60C59F572EB}Img100.jpg,The Haunting of Hill House,Shirley,Jackson,First,Penguin Publishing Group,1978-07-29,9781101663004,87,24.74,25.95,Seth,Dickinson
https://img1.od-cdn.com/ImageType-100/0293-1/{A941C768-4C5C-4339-A2B4-18A329D463E1}Img100.jpg,The Hunting Party,Lucy,Foley,1st,HarperCollins,1970-07-15,9780062868923,17,28.76,29.93,Mary,Lawson
https://img2.od-cdn.com/ImageType-100/2363-1/{7EC10E9C-7578-4718-84F7-BC3B35AC4F46}IMG100.JPG,The Idol House of Astarte,Agatha,Christie,First,Open Road Media,1982-02-10,9781504082297,74,6.65,7.8,Elly,Griffiths
https://img1.od-cdn.com/ImageType-100/0017-1/{A7F65832-F4BF-448A-A326-22B149E90A76}Img100.jpg,The Invitation,Lucy,Foley,First,Little Brown and Company,2022-12-09,9780316272926,63,53.12,55,Elan,Mastai
https://img3.od-cdn.com/ImageType-100/0439-1/{A1C17B3F-7BB2-42CC-BBEB-EB97C4B18406}IMG100.JPG,The It Girl,Ruth,Ware,First,Gallery/Scout Press,1904-09-03,9781982155285,45,54.46,55.93,Elaine,Castillo
https://img2.od-cdn.com/ImageType-100/0293-1/{0FDA299C-20B1-4ED5-AD7C-EA9ED0256706}Img100.jpg,The Killings at Kingfisher Hill,Sophie,Hannah,1st,HarperCollins,1981-07-24,9780062792396,27,22.81,24.81,0,0
https://img2.od-cdn.com/ImageType-100/0439-1/{E3CCFB37-962A-49FE-A8B3-55902920E8FD}IMG100.JPG,The Last Equation of Isaac Severy,Nova,Jacobs,First,Atria Books,1930-10-07,9781501175145,43,11.42,12.9,Katherine,Hyde
https://img3.od-cdn.com/ImageType-100/0293-1/{074F93B0-EE82-4BE4-804F-A01621D69826}IMG100.JPG,The Librarianist,Patrick,deWitt,First,HarperCollins,1939-09-06,9780063085145,48,11.72,13.07,Leigh,Bardugo
https://img1.od-cdn.com/ImageType-100/1523-1/{1A68F5E8-B415-4184-9E8B-92B5A6F18417}Img100.jpg,The Listening House,Mabel,Seeley,First,Penguin Publishing Group,1966-04-18,9780593334553,86,27.41,28.83,0,0
https://img3.od-cdn.com/ImageType-100/0111-1/{C066399F-6E68-45D0-B3F3-856A41BEA8A3}Img100.jpg,The Lola Quartet,Emily,St.JohnMandel,1st,Knopf Doubleday Publishing Group,1910-06-09,9781609530808,69,53.38,54.52,Annalee,Newitz
https://img3.od-cdn.com/ImageType-100/0439-1/{968DD64A-797E-4376-B950-BE1DDAEB1F67}IMG100.JPG,The Lying Game,Ruth,Ware,First,Gallery/Scout Press,2000-08-07,9781501156199,33,37.08,38.53,0,0
https://img3.od-cdn.com/ImageType-100/0111-1/{82EF8EC3-386B-4561-8F65-2D59433B9358}Img100.jpg,The Martian,Andy,Weir,First,Random House Publishing Group,1903-09-03,9780804139038,44,21.98,23.05,Catherynne,Valente
https://img2.od-cdn.com/ImageType-100/0293-1/{D9B51E68-7652-4AB0-86FA-B803D1EAD078}IMG100.JPG,The Measure,Nikki,Erlick,First,HarperCollins,1939-12-12,9780063204225,94,49.42,51.4,Ada,Palmer
https://img2.od-cdn.com/ImageType-100/0293-1/{330C2B90-E2C6-432F-8E0A-5140172A5222}IMG100.JPG,The Memory Librarian,Janelle,Monáe,1st,HarperCollins,1928-09-05,9780063070899,75,21.94,23.76,Ryka,Aoki
https://img1.od-cdn.com/ImageType-100/0111-1/{3647C023-6D39-4C5A-9497-84D577A79EC3}Img100.jpg,The Memory Police,Yoko,Ogawa,First,Knopf Doubleday Publishing Group,2017-05-07,9781101870617,58,54.07,55.54,Anthony,Horowitz
https://img3.od-cdn.com/ImageType-100/1523-1/{FCE67F40-D999-4A62-91C9-3C4A5ECDB00E}IMG100.JPG,The Midnight Library,Matt,Haig,First,Penguin Publishing Group,1925-07-22,9780525559481,55,9.16,10.9,0,0
https://img1.od-cdn.com/ImageType-100/0017-1/{357A2955-C5EE-4CDE-A2F2-5D9C050EDDCD}Img100.jpg,The Ministry for the Future,Kim,Robinson,First,Orbit,1962-07-14,9780316300162,39,35.24,36.78,0,0
https://img3.od-cdn.com/ImageType-100/0111-1/{1E27E2E0-3C07-4653-9564-1963130EB0C5}Img100.jpg,The Missing README,Chris,Riccomini,First,No Starch Press,1906-11-24,9781718501843,90,43.05,44.49,Simon,Stålenhag
https://img1.od-cdn.com/ImageType-100/0293-1/{A4BC6957-1AFC-4F29-B404-6C5A74FD2A03}Img100.jpg,The Mystery of Three Quarters,Sophie,Hannah,First,HarperCollins,1923-05-13,9780062792457,83,52.27,54.15,Donald,Sobol
https://img3.od-cdn.com/ImageType-100/0439-1/{7F4C8CEE-B628-4056-93A2-447BE70EC565}IMG100.JPG,The Mythic Dream,Dominik,Parisien,First,S&S/Saga Press,1974-01-08,9781481462402,4,18.49,19.95,Rebecca,Giblin
https://img2.od-cdn.com/ImageType-100/0111-1/{B1C620D1-1D59-4476-AC2A-DB7E184E09F5}Img100.jpg,The Naked Sun,Isaac,Asimov,First,Random House Worlds,1914-02-17,9780307792402,0,49.65,51.1,Shehan,Karunatilaka
https://img2.od-cdn.com/ImageType-100/1523-1/{33DD6A53-C66B-4E8C-9791-6C454E4F90A3}IMG100.JPG,The Nineties,Chuck,Klosterman,1st,Penguin Publishing Group,1909-08-31,9780735217973,44,36.1,37.97,Agatha,Christie
https://img1.od-cdn.com/ImageType-100/0111-1/{7EB40C4E-B211-4069-A8A2-C4562C8B8D94}IMG100.JPG,The Novelist,Jordan,Castro,First,Catapult,1997-07-30,9781593767143,1,27.14,28.37,Clifford,Stoll
https://img3.od-cdn.com/ImageType-100/0017-1/{C154DB35-3BDB-4CBB-8942-5FC6211A4EC2}IMG100.JPG,The Obelisk Gate,NK,Jemisin,First,Orbit,2003-05-20,9780316229289,6,7.1,9.09,Isaac,Asimov
https://img3.od-cdn.com/ImageType-100/0111-1/{CA146FEC-1C07-4431-9B69-FCE37B56F13B}IMG100.JPG,The Paradox Hotel,Rob,Hart,First,Random House Publishing Group,1961-11-13,9781984820655,42,15.02,16.63,0,0
https://img1.od-cdn.com/ImageType-100/0293-1/{4A8831B2-603A-463D-9AC2-2D66C7B37BFB}IMG100.JPG,The Paris Apartment,Lucy,Foley,1st,HarperCollins,1943-11-19,9780063003071,98,48.42,50.06,Connie,Willis
https://img1.od-cdn.com/ImageType-100/1523-1/{CD823C6A-281F-4696-981E-B5A47377B58B}IMG100.JPG,The Peripheral,William,Gibson,First,Penguin Publishing Group,2013-02-26,9780698170704,90,54.2,55.36,Micaiah,Johnson
https://img2.od-cdn.com/ImageType-100/2390-1/{2A8CF3EC-2F93-471E-B007-0DEF87064B86}IMG100.JPG,The Plot,Jean,Korelitz,First,Celadon Books,1976-09-01,9781250790743,41,47.19,49.1,Simon,Stålenhag
https://img3.od-cdn.com/ImageType-100/0874-1/{D7E23B38-C1F1-4620-B028-91C6A983A6CA}Img100.jpg,The Postscript Murders,Elly,Griffiths,First,HarperCollins,1952-10-07,9780358419181,30,40.58,41.92,Ruth,Ware
https://img2.od-cdn.com/ImageType-100/1494-1/{36486FD5-6904-44D3-9630-CC23B4024BAF}IMG100.JPG,The Rediscovery of America,Ned,Blackhawk,1st,Yale University Press,1954-10-05,9780300271249,96,41.25,42.33,Julia,Phillips
https://img1.od-cdn.com/ImageType-100/1523-1/{BC5CD8DE-CC9B-4894-B687-3797B6CE9656}Img100.jpg,The Rock Eaters,Brenda,Peynado,First,Penguin Publishing Group,1983-09-12,9780525507277,58,37.62,39.04,0,0
https://img3.od-cdn.com/ImageType-100/0293-1/{D8342770-477A-46C4-8020-A2B30C106001}IMG100.JPG,The Sentence,Louise,Erdrich,First,HarperCollins,1958-08-28,9780062671141,38,31.58,32.97,Naomi,Alderman
https://img1.od-cdn.com/ImageType-100/0293-1/{1729CB31-A584-4B28-8515-EB17F9E99A2C}Img100.jpg,The Sentence Is Death,Anthony,Horowitz,First,HarperCollins,1956-11-08,9780062676856,94,50.78,51.79,0,0
https://img1.od-cdn.com/ImageType-100/0044-1/{140E48A7-382C-4D3B-BADE-4DFE2DF2010B}IMG100.JPG,The Seven Moons of Maali Almeida,Shehan,Karunatilaka,1st,W. W. Norton & Company,1915-09-07,9781324064831,9,15.59,17.3,Martha,Wells
https://img3.od-cdn.com/ImageType-100/0111-1/{4B7845CB-8552-44B9-9499-9260AC20073E}Img100.jpg,The Singer's Gun,Emily,St.JohnMandel,First,Knopf Doubleday Publishing Group,1967-02-09,9781936071883,97,39.67,41.62,0,0
https://img2.od-cdn.com/ImageType-100/0111-1/{79EFD753-861E-4B2A-9AFC-EF4A4A7E9EB2}Img100.jpg,The Space Between Worlds,Micaiah,Johnson,First,Random House Worlds,1904-12-15,9780593135068,66,26.12,27.25,0,0
https://img1.od-cdn.com/ImageType-100/0439-1/{58A34FE3-7B65-460B-B5F6-9586AF64C846}IMG100.JPG,The Splinter in the Sky,Kemi,Ashing-Giwa,First,S&S/Saga Press,2016-02-12,9781668008492,10,5.46,7.26,TJ,Klune
https://img1.od-cdn.com/ImageType-100/0017-1/{49E633BA-4E6E-41FC-8944-F65C27C7A7F1}Img100.jpg,The Stone Sky,NK,Jemisin,1st,Orbit,2020-02-24,9780316229258,71,52.61,54.13,Yume,Kitasei
https://img1.od-cdn.com/ImageType-100/0111-1/{F0E0DBC0-E443-4F8F-BA7D-72C986DEA92D}IMG100.JPG,The Surviving Sky,Kritika,Rao,First,Titan,2001-09-23,9781803361253,24,17.58,19.26,Aimee,Ogden
https://img1.od-cdn.com/ImageType-100/0439-1/{BEFEDB21-EE9E-4204-8F57-3F6F60E87F50}IMG100.JPG,The Tangled Lands,Paolo,Bacigalupi,First,S&S/Saga Press,1996-12-05,9781481497312,70,12.92,14.64,Scott,Hershovitz
https://img2.od-cdn.com/ImageType-100/2390-1/{C51E7523-DFA7-4624-944A-737344E782D7}IMG100.JPG,The Terraformers,Annalee,Newitz,1st,Tor Publishing Group,2002-09-18,9781250228062,64,32.84,34.04,0,0
https://img3.od-cdn.com/ImageType-100/2390-1/{D24B5807-7660-4EBE-88C7-F8C9EB86A8F6}Img100.jpg,The Three-Body Problem,Cixin,Liu,First,Tor Publishing Group,2004-01-27,9781466853447,70,23.66,25.11,Connie,Willis
https://img1.od-cdn.com/ImageType-100/1523-1/{72552E21-574F-4C82-B5AD-D2633CC86989}IMG100.JPG,The Thursday Murder Club,Richard,Osman,First,Penguin Publishing Group,1925-12-23,9781984880970,71,46.13,48.01,0,0
https://img2.od-cdn.com/ImageType-100/1523-1/{16BBB304-21A4-4EF9-84B0-581381E5968D}Img100.jpg,The Trickster's Hat,Nick,Bantock,First,Penguin Publishing Group,1971-10-19,9781101620427,25,18,19.44,Cristin,Terrill
https://img2.od-cdn.com/ImageType-100/0111-1/{6424C7F3-FF03-4CF3-9164-5F24D8F1D9DE}Img100.jpg,The Truth and Other Stories,Stanislaw,Lem,First,MIT Press,1983-02-03,9780262366656,49,14.59,16.28,Ruth,Ware
https://img2.od-cdn.com/ImageType-100/0439-1/{7C311F35-766C-484E-BFC9-6565C26D938D}IMG100.JPG,The Turn of the Key,Ruth,Ware,1st,Gallery/Scout Press,1916-11-22,9781501188794,69,15.63,17.34,Lucy,Foley
https://img1.od-cdn.com/ImageType-100/2389-1/{345684A3-A073-4A12-9C47-3C11C2E14798}Img100.jpg,The Turn of the Screw,Henry,James,First,Duke Classics,1979-12-18,9781620112182,8,10.46,11.85,0,0
https://img3.od-cdn.com/ImageType-100/1486-1/{140A4E09-9458-48BE-8FAB-7C1FBDF1AC20}Img100.jpg,The Unreal and the Real: Selected Stories Volume 2,Ursula,LeGuin,First,Small Beer Press,1992-01-10,9781473202856,67,37.64,38.67,Donald,Sobol
https://img3.od-cdn.com/ImageType-100/0111-1/{A46269BD-5553-4329-A5D7-E8F860492366}Img100.jpg,The Water Knife,Paolo,Bacigalupi,First,Knopf Doubleday Publishing Group,2006-03-28,9780385352895,33,38.96,40.89,William,Gibson
https://img2.od-cdn.com/ImageType-100/0439-1/{21FD06FC-B36E-442C-9F1B-069B0623CFC5}IMG100.JPG,The Woman in Cabin 10,Ruth,Ware,1st,Gallery/Scout Press,1958-01-08,9781501132940,94,21.22,23,Malka,Older
https://img3.od-cdn.com/ImageType-100/0293-1/{EB2D0CAA-DCFD-40EF-B666-E7B3B4EB13A1}Img100.jpg,The Word Is Murder,Anthony,Horowitz,First,HarperCollins,2014-06-15,9780062676818,79,47.87,49.13,Anthony,Horowitz
https://img2.od-cdn.com/ImageType-100/0484-1/{32B1EF89-4054-4388-A73F-C02DF75E9BF6}Img100.jpg,The Worm Ouroboros,E.R.,Eddison,First,Wildside Press LLC,1962-12-26,9781434447005,43,21.45,22.69,Amal,El-Mohtar
https://img2.od-cdn.com/ImageType-100/0439-1/{5B6BB9CD-6C46-4ABB-9508-91909391AE03}IMG100.JPG,This Is How You Lose the Time War,Amal,El-Mohtar,First,S&S/Saga Press,1949-12-14,9781534431010,30,8.68,10.07,Catherine,Howard
https://img3.od-cdn.com/ImageType-100/1523-1/{813CBCBB-D109-4D57-A1A7-188AF528C46A}IMG100.JPG,This Time Tomorrow,Emma,Straub,1st,Penguin Publishing Group,1917-08-11,9780525539025,39,51.16,53.02,Ada,Palmer
https://img2.od-cdn.com/ImageType-100/0293-1/{327F8973-EA9A-49BC-B5ED-DF09B2629A2F}IMG100.JPG,To Be Taught If Fortunate,Becky,Chambers,First,HarperCollins,1967-01-14,9780062936028,30,53.18,54.24,Sarah,Gailey
https://img1.od-cdn.com/ImageType-100/0111-1/{7DB61AD0-2D25-4D57-8CB7-B8B2C7A28C72}IMG100.JPG,To Say Nothing of the Dog,Connie,Willis,First,Random House Publishing Group,1964-01-05,9780307574084,62,9.84,11.1,0,0
https://img2.od-cdn.com/ImageType-100/0439-1/{60D7FA09-6B70-493E-9E31-2BD8746315FA}IMG100.JPG,Tomorrow Factory: Collected Fiction,Rich,Larson,First,Talos,1924-08-12,9781945863318,22,37.45,38.63,Chris,Power
https://img1.od-cdn.com/ImageType-100/0111-1/{17FF1132-F408-4ADE-AF88-910809DA47EE}IMG100.JPG,Tomorrow and Tomorrow and Tomorrow,Gabrielle,Zevin,1st,Knopf Doubleday Publishing Group,2021-04-22,9780593321218,31,19.06,20.26,Ocean,Vuong
https://img3.od-cdn.com/ImageType-100/2390-1/{098C1A3B-6ED1-48AB-A639-3AA91535DCF2}IMG100.JPG,Too Like the Lightning,Ada,Palmer,First,Tor Publishing Group,1966-09-02,9781466858749,23,37.19,38.64,Julia,Phillips
https://img1.od-cdn.com/ImageType-100/2363-1/{BBF5DD3B-5B8B-482C-B772-41D60FDF4EE2}IMG100.JPG,Too Loud a Solitude,Bohumil,Hrabal,First,Houghton Mifflin Harcourt,1909-06-13,9780547545882,84,22.22,23.38,0,0
https://img1.od-cdn.com/ImageType-100/6852-1/{C3FFDA9A-F1DC-42E3-A190-AAA25B1BE527}Img100.jpg,Travel Light,Naomi,Mitchison,First,Small Beer Press,1962-05-16,9781618730060,94,39.12,40.98,0,0
https://img3.od-cdn.com/ImageType-100/2390-1/{B7AB06D2-E5F5-4A69-85C0-52ECC5F037F1}IMG100.JPG,Upright Women Wanted,Sarah,Gailey,1st,Tor Publishing Group,1936-09-07,9781250213655,22,34.33,35.34,0,0
https://img3.od-cdn.com/ImageType-100/1523-1/{4D27CDBA-9F5E-4B69-8A73-F2978F0AFDB9}Img100.jpg,We Have Always Lived in the Castle,Shirley,Jackson,First,Penguin Publishing Group,1905-10-30,9781101530658,89,7.37,8.82,0,0
https://img1.od-cdn.com/ImageType-100/6852-1/{E29C043F-5565-46EC-8795-ED743906987A}Img100.jpg,Where We Go When All We Were Is Gone,Sequoia,Nagamatsu,First,eBookIt.com,1934-07-22,9781625571168,25,12.39,13.78,Emily,St.JohnMandel
https://img1.od-cdn.com/ImageType-100/2363-1/{A69DA583-B9B4-40F5-8606-56BA0C1030BA}IMG100.JPG,Whose Body?,Dorothy,Sayers,1st,Open Road Media,1947-07-17,9781480417168,68,5.22,6.51,0,0
https://img1.od-cdn.com/ImageType-100/1523-1/{AA642590-D82B-440E-97C7-D4873DE83D8E}Img100.jpg,Wintering,Katherine,May,First,Penguin Publishing Group,1996-06-07,9780593189504,16,10.27,11.51,Ben,Orlin
https://img3.od-cdn.com/ImageType-100/0111-1/{04A988FB-9DDD-40A2-B01B-5CD995DA0FB9}Img100.jpg,Woodcutters,Thomas,Bernhard,First,Knopf Doubleday Publishing Group,1927-06-04,9780307833556,44,32.86,34.24,0,0
https://img3.od-cdn.com/ImageType-100/0439-1/{AEC85B7B-43FA-41AE-9D85-5D304178F0FB}IMG100.JPG,Zero Days,Ruth,Ware,First,Gallery/Scout Press,2011-12-20,9781982155315,57,37.09,38.61,Nnedi,Okorafor
https://img1.od-cdn.com/ImageType-100/0887-1/{4DFE715B-CDEB-4249-A088-9A8CD7951818}IMG100.JPG,56 Days,Catherine,Howard,Pacific U Special Print,Yale University Press,1938-12-24,1781982694661,88,13.63,15.2,Joanne,Ramos
https://img1.od-cdn.com/ImageType-100/0111-1/{CFF843C1-6859-4C77-8E29-7F87C62A0A67}IMG100.JPG,A Dangerous Business,Jane,Smiley,Penguin Classics,Houghton Mifflin Harcourt,2000-12-25,1780525520344,56,39.94,41.23,Jeremy,Weinstein
https://img3.od-cdn.com/ImageType-100/0293-1/{191DC283-4A60-4B97-9500-08D703B3F71F}Img100.jpg,A Duty to the Dead,Charles,Todd,Pacific U Special Print,Small Beer Press,1934-03-27,1780061905506,36,12.35,13.57,Rob,Reich
https://img1.od-cdn.com/ImageType-100/0174-1/{CCEF4FFC-4E9A-46E1-89A5-D9C6F6CC4852}IMG100.JPG,A Gentle Murderer,Dorothy,Davis,Pacific U Special Print,Knopf Doubleday Publishing Group,2008-09-07,1781728271972,28,49.02,50.04,0,0
https://img1.od-cdn.com/ImageType-100/2390-1/{6FDCD068-F64A-4CBF-82A9-E426CC3304E3}IMG100.JPG,A Half-Built Garden,Ruthanna,Emrys,Pacific U Special Print,Catapult,1979-09-21,1781250210975,47,48.56,50,Martha,Wells
https://img1.od-cdn.com/ImageType-100/0017-1/{C1895EA6-ECF8-429A-B241-6BEE37D1D0AE}IMG100.JPG,A Haunting on the Hill,Elizabeth,Hand,Penguin Classics,Farrar Straus and Giroux,1961-09-15,1780316527989,24,43.13,44.55,Isaac,Asimov
https://img2.od-cdn.com/ImageType-100/1523-1/{D71EDE17-8A1B-424A-B54F-E41E08BFB5A5}IMG100.JPG,A House Between Earth and the Moon,Rebecca,Scherm,Pacific U Special Print,Random House Children's Books,1903-12-11,1781101980118,98,21.45,23.36,Ocean,Vuong
https://img3.od-cdn.com/ImageType-100/0293-1/{B9191B3C-59FF-4E97-9A98-22780D768F8B}Img100.jpg,A Line to Kill,Anthony,Horowitz,Pacific U Special Print,Blackstone Publishing,1929-08-13,1780062938176,49,16.99,18.71,Martha,Wells
https://img2.od-cdn.com/ImageType-100/2390-1/{34A02F2F-F922-45AD-9C0F-C351AD876687}IMG100.JPG,A Lonely Man,Chris,Power,Penguin Classics,Saga Press,1983-12-21,1780374719074,14,20.93,22.57,0,0
https://img3.od-cdn.com/ImageType-100/2390-1/{B0325555-DF4F-410A-9B3F-893DD9D6285B}IMG100.JPG,A Prayer for the Crown-Shy,Becky,Chambers,Pacific U Special Print,No Starch Press,1982-04-02,1781250236241,87,12.78,14.75,Emily,St.JohnMandel
https://img1.od-cdn.com/ImageType-100/2390-1/{5D67CED5-6BE2-4846-AE1B-0C3DDFF83434}IMG100.JPG,A Psalm for the Wild-Built,Becky,Chambers,Penguin Classics,Self Published,1980-01-15,1781250236227,1,26.15,28.06,Kim,Robinson
https://img1.od-cdn.com/ImageType-100/0111-1/{AD1BF924-B88E-41D6-AC23-8C3ECF9CF724}Img100.jpg,A Short History of Nearly Everything,Bill,Bryson,Penguin Classics,Coffee House Press,2006-03-26,1780767916417,8,19.78,21.73,Ruth,Ware
https://img1.od-cdn.com/ImageType-100/0293-1/{B0BFA6BF-502D-481E-B97A-F7C76E0A8BB2}Img100.jpg,A Test of Wills,Charles,Todd,Penguin Classics,Scribner,1934-01-11,1780061758072,84,53.78,55.7,Lucy,Foley
https://img2.od-cdn.com/ImageType-100/0111-1/{0451EF93-4D46-4901-876F-D85A032CDA28}Img100.jpg,A Town Called Solace,Mary,Lawson,Pacific U Special Print,Little Brown Books for Young Readers,1955-06-12,1780735281288,88,54.3,55.86,0,0
https://img2.od-cdn.com/ImageType-100/1523-1/{739A8DC9-D971-4CDC-AB65-D3DBB281D941}Img100.jpg,Agency,William,Gibson,Pacific U Special Print,Knopf Doubleday Publishing Group,1988-11-04,1781101986950,85,37.59,39.4,Connie,Willis
https://img1.od-cdn.com/ImageType-100/6852-1/{C8FDB61C-AAA5-4F29-BBDC-49C3FE7A74E9}IMG100.JPG,Alive at the End of the World,Saeed,Jones,Penguin Classics,Knopf Canada,2008-11-20,1781566896528,1,18.12,20.12,Sarah,Gailey
https://img2.od-cdn.com/ImageType-100/1523-1/{B307D2F6-1839-4720-B995-C75B043611C6}Img100.jpg,All Our Wrong Todays,Elan,Mastai,Pacific U Special Print,Random House Worlds,2017-10-27,1781101985144,76,9.81,11.37,Katherine,Hyde
https://img1.od-cdn.com/ImageType-100/0017-1/{97164C17-830A-414B-8F66-DCBA532034C0}Img100.jpg,All Our Yesterdays,Cristin,Terrill,Pacific U Special Print,Simon & Schuster,1925-12-02,1781423176374,10,17.09,18.74,Lucy,Foley
https://img1.od-cdn.com/ImageType-100/2390-1/{25FCE2C0-02CE-4859-853B-001D04695ECD}Img100.jpg,All Systems Red,Martha,Wells,Penguin Classics,Severn House,1944-02-13,1780765397522,38,35.11,36.39,Agatha,Christie
https://img1.od-cdn.com/ImageType-100/2390-1/{ADA51DAD-F8A1-4365-9E21-58126D8DD2F8}Img100.jpg,American Hippo,Sarah,Gailey,Pacific U Special Print,Cordoc-Co LLC,2019-05-23,1781250176424,23,19.9,21.83,William,Gibson
https://img1.od-cdn.com/ImageType-100/0017-1/{C22288A0-B694-4C1C-8A2F-C347183C8CF6}IMG100.JPG,Ancillary Justice,Ann,Leckie,Pacific U Special Print,S&S/Saga Press,1905-03-17,1780316246637,63,40,42,Dmitriy,Ryaboy
https://img1.od-cdn.com/ImageType-100/2390-1/{D61CF3B4-7351-4395-B1C6-D557ED9FBEF6}Img100.jpg,Artificial Condition,Martha,Wells,Pacific U Special Print,Gallery/Scout Press,1918-04-14,1781250186935,38,27.99,29.97,Annalee,Newitz
https://img2.od-cdn.com/ImageType-100/0293-1/{B6BCF35B-7683-4276-9EDD-3421CF277D4D}Img100.jpg,Astounding,Alec,Nevala-Lee,Pacific U Special Print,Haymarket Books,1910-08-10,1780062571960,54,42.11,43.14,Sarah,Gailey
https://img2.od-cdn.com/ImageType-100/0017-1/{1F9B5233-B3F3-471B-9726-ABD60045E27B}Img100.jpg,Aurora,Kim,Robinson,Pacific U Special Print,Little Brown and Company,1907-09-17,1780316378741,27,6.35,7.97,Dorothy,Sayers
https://img2.od-cdn.com/ImageType-100/2390-1/{ACD1CD95-FCCD-4505-8060-332946C6DE8D}Img100.jpg,Automating Inequality,Virginia,Eubanks,Pacific U Special Print,Duke Classics,1937-10-22,1781466885967,21,14.25,15.89,Ted,Chiang
https://img3.od-cdn.com/ImageType-100/2390-1/{855CADA7-7F7F-48C6-8020-C3415C6790E5}Img100.jpg,Autonomous,Annalee,Newitz,Penguin Classics,Duke Classics,1995-03-04,1780765392091,81,17.01,18.57,TJ,Klune
https://img2.od-cdn.com/ImageType-100/0293-1/{D4CE7F86-8AD5-44A2-B840-CC5CC01352A9}IMG100.JPG,Breathe,Sarah,Crossan,Penguin Classics,Knopf Canada,1979-05-12,1780062118714,86,11.65,13.49,Henry,James
https://img3.od-cdn.com/ImageType-100/6838-1/{0A731E56-B634-4D87-9D5E-F2C93BC165E4}Img100.jpg,Burnt Offerings,Robert,Marasco,Penguin Classics,Orbit,1975-10-31,1781941147702,44,41.91,43.47,Shehan,Karunatilaka
https://img2.od-cdn.com/ImageType-100/1523-1/{75A9CA7A-6EFB-4A10-A25C-06A41CF8B905}Img100.jpg,Cadillac Desert,Marc,Reisner,Pacific U Special Print,Little Brown and Company,1941-08-20,1781440672828,100,12.45,13.77,Martha,Wells
https://img1.od-cdn.com/ImageType-100/0017-1/{B6CA7D94-F889-449A-997F-F8BA81F99723}Img100.jpg,Children of Time,Adrian,Tchaikovsky,Penguin Classics,Duke Classics,1996-05-18,1780316452496,62,52.52,53.95,0,0
https://img1.od-cdn.com/ImageType-100/8010-1/{BC8C8C85-60D2-4982-A29D-BB458C5546F7}IMG100.JPG,Chokepoint Capitalism,Rebecca,Giblin,Penguin Classics,Grove Atlantic,2001-03-05,1780807007075,63,36.32,37.91,0,0
https://img2.od-cdn.com/ImageType-100/0293-1/{504D9AC5-5125-48F2-929C-305B6E969D2E}Img100.jpg,Closed Casket,Sophie,Hannah,Penguin Classics,W. W. Norton & Company,1932-07-29,1780062458841,13,33.65,34.91,Emily,St.JohnMandel
https://img3.od-cdn.com/ImageType-100/0439-1/{2D6BE786-82ED-4344-8BD8-B2F7A3546883}IMG100.JPG,Cloud Cuckoo Land,Anthony,Doerr,Pacific U Special Print,MIRA Books,1973-10-27,1781982168452,69,16.19,17.8,Mabel,Seeley
https://img1.od-cdn.com/ImageType-100/2363-1/{1A83FF2C-303A-4CA7-9BA8-33515F22798D}IMG100.JPG,Clouds of Witness,Dorothy,Sayers,Pacific U Special Print,Coffee House Press,2003-09-13,1781453258859,87,39.45,41.43,Paolo,Bacigalupi
https://img2.od-cdn.com/ImageType-100/0044-1/{C65AEB61-930C-4AC5-BE74-E30F9E7258D9}IMG100.JPG,Creatures of Passage,Morowa,Yejidé,Pacific U Special Print,No Starch Press,1922-07-15,1781617758881,98,25.12,26.62,0,0
https://img2.od-cdn.com/ImageType-100/0111-1/{AFEB953F-F3E5-4C1D-A820-A5BF08E740A8}Img100.jpg,CUCKOO'S EGG,Clifford,Stoll,Pacific U Special Print,Orbit,1912-06-17,1780307819420,74,49.53,51.14,Becky,Chambers
https://img2.od-cdn.com/ImageType-100/2588-1/{A83BBC13-B514-448B-A8EA-E21A61DCD271}Img100.jpg,Cyanide with Christie,Katherine,Hyde,Penguin Classics,Saga Press,1903-04-07,1781448301782,37,8.14,9.6,0,0
https://img1.od-cdn.com/ImageType-100/2363-1/{CD1A14F9-81B9-46BD-8668-6A6A2274AD58}Img100.jpg,Dawn,Octavia,Butler,Penguin Classics,Talos,1980-08-27,1780446603775,97,22.33,23.48,Ruth,Ware
https://img3.od-cdn.com/ImageType-100/0293-1/{DC2C2BB8-EF2A-4015-8C1C-F0E7573FED75}IMG100.JPG,Demon Copperhead,Barbara,Kingsolver,Pacific U Special Print,Grove Atlantic,1998-09-30,1780063251991,3,14.99,16.35,TJ,Klune
https://img3.od-cdn.com/ImageType-100/4051-1/{44EB02D7-DA3B-4FA4-BC10-6668400FAC4B}Img100.jpg,Diaspora,Greg,Egan,Pacific U Special Print,Talos,2010-07-15,1781922240255,28,27.95,29.18,0,0
https://img3.od-cdn.com/ImageType-100/0111-1/{F9AAA19C-74AB-42C1-BD3D-4CFB10316DFE}Img100.jpg,Disappearing Earth,Julia,Phillips,Pacific U Special Print,Penguin Publishing Group,1992-08-10,1780525520429,89,29.65,30.89,Sarah,Gailey
https://img1.od-cdn.com/ImageType-100/0111-1/{BDA9BC25-7E5E-4730-86BA-31F4230D5266}IMG100.JPG,Doomsday Book,Connie,Willis,Penguin Classics,Blackstone Publishing,2020-12-14,1780307784445,5,43.71,44.97,Connie,Willis
https://img2.od-cdn.com/ImageType-100/2390-1/{5A734515-8BE8-47C5-9DC1-CBC56CDDCB38}Img100.jpg,Draft No. 4,John,McPhee,Pacific U Special Print,Hanover Square Press,1955-04-17,1780374712396,58,45.69,47.43,Jean,Korelitz
https://img3.od-cdn.com/ImageType-100/1523-1/{ed0c4271-7a85-4999-adc5-060525dc6082}Img100.jpg,Eats Shoots & Leaves,Lynne,Truss,Pacific U Special Print,Little Brown Books for Young Readers,1936-05-23,1781101218297,17,14.01,15.13,0,0
https://img3.od-cdn.com/ImageType-100/2390-1/{8237AF27-8B24-4E9D-A81C-329561F1DE6B}IMG100.JPG,Emergent Properties,Aimee,Ogden,Pacific U Special Print,Running Press,2013-03-04,1781250866820,49,24.23,26.12,Jennifer,Raff
https://img2.od-cdn.com/ImageType-100/1523-1/{37DDC69D-4D07-4E8E-9742-3DFADA27E616}Img100.jpg,Encyclopedia Brown and the Case of the Carnival Crime,Donald,Sobol,Penguin Classics,Coffee House Press,1929-04-26,1781101535752,52,47.54,49.45,Lynne,Truss
https://img2.od-cdn.com/ImageType-100/1523-1/{DEDBC2B2-75A4-47D9-A172-1ECA73774143}Img100.jpg,Encyclopedia Brown and the Case of the Dead Eagles,Donald,Sobol,Pacific U Special Print,Akashic Books Ltd.,1950-07-16,1781101042366,25,45.47,46.89,Annalee,Newitz
https://img1.od-cdn.com/ImageType-100/0111-1/{988162CA-37B2-429C-B93F-04C60B54B55A}Img100.jpg,Encyclopedia Brown and the Case of the Mysterious Handprints,Donald,Sobol,Penguin Classics,W. W. Norton & Company,1916-01-22,1780307781970,52,7.34,9.22,James,Joyce
https://img1.od-cdn.com/ImageType-100/1523-1/{32B4DEF7-3B6A-471D-A7BC-7238EC6ABD0F}Img100.jpg,Encyclopedia Brown and the Case of the Secret Pitch,Donald,Sobol,Pacific U Special Print,Knopf Canada,1926-06-12,1781101007105,76,10.08,12.04,Amal,El-Mohtar
https://img2.od-cdn.com/ImageType-100/1523-1/{4AA600F7-65E5-448A-B911-A01001F0FDB9}Img100.jpg,Encyclopedia Brown Finds the Clues,Donald,Sobol,Pacific U Special Print,Sourcebooks,1945-03-18,1781101007082,31,5.45,7.25,0,0
https://img3.od-cdn.com/ImageType-100/1523-1/{9CD65C92-868F-4B23-9142-5186BD7BDE6A}Img100.jpg,Encyclopedia Brown Gets His Man,Donald,Sobol,Pacific U Special Print,Yale University Press,2003-01-07,1781101007099,35,9.64,11.28,0,0
https://img2.od-cdn.com/ImageType-100/1523-1/{4432EA5A-86C2-4671-A199-7332D52057E3}Img100.jpg,Encyclopedia Brown Keeps the Peace,Donald,Sobol,Penguin Classics,Atria Books,1957-08-20,1781101042359,65,27.82,29.69,Paolo,Bacigalupi
https://img2.od-cdn.com/ImageType-100/1523-1/{7CCEF964-AD3A-4A16-B2B1-814C18FA9DA6}Img100.jpg,Encyclopedia Brown Solves Them All,Donald,Sobol,Penguin Classics,Grand Central Publishing,2021-11-02,1781101042335,84,26.96,28.59,Claudia,Lux
https://img3.od-cdn.com/ImageType-100/1523-1/{5359D9A7-58BC-4A54-89B8-014E44ED5015}Img100.jpg,Encyclopedia Brown Boy Detective,Donald,Sobol,Penguin Classics,Severn House,1939-09-26,1781101007112,94,40.12,41.84,Charles,Todd
https://img1.od-cdn.com/ImageType-100/0293-1/{DFD944E1-E513-4DE2-81C0-8908F4389538}IMG100.JPG,Everyone in My Family Has Killed Someone,Benjamin,Stevenson,Penguin Classics,St. Martin's Publishing Group,1981-07-19,1780063279049,39,13.02,14.5,Lucy,Foley
https://img1.od-cdn.com/ImageType-100/0293-1/{EEF2DFAE-5707-4C3E-A60D-98E7EA98C731}IMG100.JPG,Everyone on This Train Is a Suspect,Benjamin,Stevenson,Pacific U Special Print,Duke Classics,1937-10-30,1780063279094,19,27.58,28.81,Lucy,Foley
https://img2.od-cdn.com/ImageType-100/1936-1/{3EA6A654-D4E0-45B6-B01B-3305B2D4AD53}Img100.jpg,Everything You Know about Indians Is Wrong,Paul,Chaat-Smith,Penguin Classics,Little Brown Books for Young Readers,2014-10-16,1780816668106,17,49.18,50.72,Edward,Ashton
https://img1.od-cdn.com/ImageType-100/0293-1/{C2F2DD6B-54D0-429D-AEAD-C588443C8226}IMG100.JPG,Evil Under the Sun,Agatha,Christie,Penguin Classics,Self Published,1930-02-15,1780061741937,64,53.99,55.62,Dmitriy,Ryaboy
https://img2.od-cdn.com/ImageType-100/0111-1/{80B8C36B-D9E5-4278-B94F-5403F2DCB583}Img100.jpg,Exhalation,Ted,Chiang,Penguin Classics,Coffee House Press,1918-06-25,1781101947906,30,26.88,28.46,Rob,Reich
https://img2.od-cdn.com/ImageType-100/2390-1/{3F3BBF2D-D6FB-445B-B504-9CB79A2CCC7C}Img100.jpg,Exit Strategy,Martha,Wells,Penguin Classics,Houghton Mifflin Harcourt,2018-11-29,1781250185464,30,37.51,38.58,Benjamin,Stevenson
https://img2.od-cdn.com/ImageType-100/1523-1/{65F4230C-23EF-4709-A467-90C7ED2166FE}Img100.jpg,Filthy Animals,Brandon,Taylor,Penguin Classics,Flatiron Books,1971-07-28,1780525538936,30,29.87,30.89,Cory,Doctorow
https://img2.od-cdn.com/ImageType-100/0290-1/{D8AD26E9-8996-47AA-8879-71FE4257CCDF}Img100.jpg,Finnegans Wake,James,Joyce,Pacific U Special Print,Grand Central Publishing,1941-02-16,1780241246542,49,41.42,42.72,Martha,Wells
https://img2.od-cdn.com/ImageType-100/0111-1/{6132C22F-5622-4CB2-A2ED-0B05E56B6232}Img100.jpg,Fire Watch,Connie,Willis,Pacific U Special Print,Haymarket Books,1906-09-27,1780307573421,62,52.38,53.89,Bill,Bryson
https://img3.od-cdn.com/ImageType-100/6852-1/{77D03163-ACD7-4DD9-99B5-713E477E757C}IMG100.JPG,Five Tuesdays in Winter,Lily,King,Pacific U Special Print,Haymarket Books,1942-04-10,1780802158772,67,27.35,28.51,0,0
https://img3.od-cdn.com/ImageType-100/0293-1/{FFE44AE9-CC4F-4981-8CB4-F7F377AF3C60}IMG100.JPG,Flowers for Algernon,Daniel,Keyes,Pacific U Special Print,Haymarket Books,1954-10-25,1780547539638,99,9.3,10.41,Catherynne,Valente
https://img1.od-cdn.com/ImageType-100/0044-1/{9B870137-78D9-49E0-81E1-33449AD835A6}Img100.jpg,Four Lost Cities,Annalee,Newitz,Pacific U Special Print,Duke Classics,2022-09-30,1780393652673,26,17.01,18.27,0,0
https://img1.od-cdn.com/ImageType-100/0111-1/{A08A9053-ADF4-4092-8CE5-A01CE99A8543}IMG100.JPG,From a Certain Point of View,Seth,Dickinson,Pacific U Special Print,eBookIt.com,1914-03-29,1780593157756,26,14.27,15.89,0,0
https://img2.od-cdn.com/ImageType-100/2390-1/{1A9BCCCF-AA4B-42E9-8167-505793370F3C}Img100.jpg,Fugitive Telemetry,Martha,Wells,Pacific U Special Print,Titan,2007-08-17,1781250765383,9,21.93,23.01,Sequoia,Nagamatsu
https://img1.od-cdn.com/ImageType-100/1523-1/{4174200F-B18D-4C2C-A46F-C422310C77E6}Img100.jpg,Gold Fame Citrus,Claire,Watkins,Penguin Classics,Blackstone Publishing,2003-01-19,1780698195943,68,16.61,18.36,Clifford,Stoll
https://img1.od-cdn.com/ImageType-100/0017-1/{ACB26A57-D8F8-4C4B-BBC9-21A5A3E65F49}IMG100.JPG,Happy-Go-Lucky,David,Sedaris,Penguin Classics,Duke Classics,1979-03-17,1780316392440,88,51.87,53.66,Mehran,Sahami
https://img3.od-cdn.com/ImageType-100/0293-1/{976A6CB7-3B55-4732-9F1C-4C681A66A5E4}IMG100.JPG,Hercule Poirot's Silent Night,Sophie,Hannah,Pacific U Special Print,Small Beer Press,1964-07-19,1780062991652,4,47.43,49.06,Mabel,Seeley
https://img2.od-cdn.com/ImageType-100/0017-1/{438FD70B-F3AB-4984-9404-1CEB871C9A28}Img100.jpg,Holidays on Ice,David,Sedaris,Penguin Classics,Simon & Schuster,1979-06-26,1780316073639,19,44.81,46.39,Adrian,Tchaikovsky
https://img3.od-cdn.com/ImageType-100/0439-1/{BA0074C0-4CF9-46F8-A310-4D9823BEA953}IMG100.JPG,Holly,Stephen,King,Penguin Classics,Crown,2020-07-26,1781668014950,20,53.48,55.36,Connie,Willis
https://img1.od-cdn.com/ImageType-100/2390-1/{C50235B1-5F07-495B-BA8F-A1316F674637}IMG100.JPG,Home,Martha,Wells,Penguin Classics,Flatiron Books,1960-10-10,1781250838865,53,47.32,48.84,Paul,Chaat-Smith
https://img1.od-cdn.com/ImageType-100/0293-1/{E72F2C93-A913-4EF7-8F89-EEB45DF09DF2}IMG100.JPG,How High We Go in the Dark,Sequoia,Nagamatsu,Penguin Classics,Grove Atlantic,1968-03-23,1780063072664,90,51.73,53.37,Brandon,Sanderson
https://img3.od-cdn.com/ImageType-100/0017-1/{1CB2A6DF-BA0B-49BC-B7EF-F1ED01846B84}Img100.jpg,How Long 'til Black Future Month?,NK,Jemisin,Pacific U Special Print,Running Press,2023-10-03,1780316491358,37,26.12,27.85,Yume,Kitasei
https://img2.od-cdn.com/ImageType-100/1523-1/{2A4EEFBC-36EF-4672-9C84-CCD5B3B4EAD8}Img100.jpg,How to Read Now,Elaine,Castillo,Pacific U Special Print,No Starch Press,2007-05-23,1780593489642,50,29.44,30.5,Morowa,Yejidé
https://img3.od-cdn.com/ImageType-100/0111-1/{7CF3A00F-BD7E-4AC9-A2BC-B48BF19077B0}IMG100.JPG,How to Stay Smart in a Smart World,Gerd,Gigerenzer,Penguin Classics,Wildside Press LLC,2003-01-17,1780262370042,65,6.77,7.9,Morowa,Yejidé
https://img1.od-cdn.com/ImageType-100/1523-1/{A49084D7-FB1E-4E85-9FF7-4423E5F3FA9C}IMG100.JPG,I Have Some Questions for You,Rebecca,Makkai,Pacific U Special Print,Blackstone Publishing,1956-05-07,1780593490150,95,33.31,34.83,0,0
https://img3.od-cdn.com/ImageType-100/1523-1/{D2B1B908-3396-4E14-B77B-3DEF83CD09C2}IMG100.JPG,I Love You but I've Chosen Darkness,Claire,Watkins,Penguin Classics,Talos,2010-03-24,1780593330234,55,24.26,25.62,Ruth,Ware
https://img3.od-cdn.com/ImageType-100/0111-1/{D5A278F4-5B16-42ED-9BC1-5F00A24897EA}Img100.jpg,If Then,Kate,Day,Penguin Classics,Sourcebooks,2021-02-26,1780525511236,100,11.74,12.74,Yoon,Choi
https://img3.od-cdn.com/ImageType-100/0439-1/{5D26CC09-8C4B-4BD3-A008-894641482AA0}IMG100.JPG,In a Dark Dark Wood,Ruth,Ware,Penguin Classics,Tor Publishing Group,1978-05-09,1781501112324,20,10.9,11.91,William,Gibson
https://img1.od-cdn.com/ImageType-100/2390-1/{27BA3A0F-7668-4968-BFAF-5118541AE443}IMG100.JPG,In the Lives of Puppets,TJ,Klune,Pacific U Special Print,Open Road Media,1980-06-22,1781250217424,0,52.85,54.4,Gabrielle,Zevin
https://img1.od-cdn.com/ImageType-100/2390-1/{DA6A37E7-9F52-41DD-8D9D-09FB0EDE6F8D}Img100.jpg,Infomocracy,Malka,Older,Penguin Classics,Blackstone Publishing,1940-11-24,1780765385147,27,46.11,47.26,Barbara,Kingsolver
https://img1.od-cdn.com/ImageType-100/2390-1/{E1D38391-8FA3-4693-9641-7D5A990C13AD}Img100.jpg,Invisible Planets,Ken,Liu,Pacific U Special Print,Gallery/Scout Press,1915-10-01,1780765384188,22,9.84,11.32,0,0
https://img2.od-cdn.com/ImageType-100/0439-1/{F11000A6-C5C1-4AAC-8684-C552DDCA36B1}IMG100.JPG,Is This Anything?,Jerry,Seinfeld,Pacific U Special Print,Farrar Straus and Giroux,1973-08-03,1781982112745,1,42.37,43.66,Leigh,Bardugo
https://img1.od-cdn.com/ImageType-100/2390-1/{469911A3-03CB-4AB3-A6E4-6D2FB6C452BD}IMG100.JPG,Just Like Home,Sarah,Gailey,Penguin Classics,Farrar Straus and Giroux,1952-04-09,1781250174703,62,33.15,34.79,David,Scheel
https://img1.od-cdn.com/ImageType-100/0111-1/{053B755D-30C2-49E4-911C-47F220ABDFF4}Img100.jpg,Klara and the Sun,Kazuo,Ishiguro,Penguin Classics,Penguin Publishing Group,2019-01-05,1780593318188,61,9.75,11.57,Sophie,Hannah
https://img2.od-cdn.com/ImageType-100/0111-1/{88255471-C112-4740-A694-653ECE1B15CD}Img100.jpg,Last Night in Montreal,Emily,St.JohnMandel,Penguin Classics,Little Brown Books for Young Readers,1923-11-30,1781936071456,49,23.38,24.65,0,0
https://img3.od-cdn.com/ImageType-100/2390-1/{AB6DF53A-D557-43BD-B37D-304615CADA3B}IMG100.JPG,Light From Uncommon Stars,Ryka,Aoki,Pacific U Special Print,Grove Atlantic,1990-02-13,1781250789075,100,51.11,52.95,Martha,Wells
https://img1.od-cdn.com/ImageType-100/1071-1/{BC03AD70-8EDD-4AE2-9D15-C1FF311A82A8}IMG100.JPG,Light Years from Home,Mike,Chen,Pacific U Special Print,Farrar Straus and Giroux,1937-07-25,1780369706553,21,27.39,29.26,Mary,Rinehart
https://img2.od-cdn.com/ImageType-100/0111-1/{E0DB3BF9-01F9-4379-8286-72C84F5C6BB3}Img100.jpg,Machines Like Me,Ian,McEwan,Pacific U Special Print,Self Published,1906-09-26,1780385545129,59,6.47,8.31,Shirley,Jackson
https://img2.od-cdn.com/ImageType-100/2390-1/{8F724602-72C5-457B-841E-3729E7476148}Img100.jpg,Magic for Liars,Sarah,Gailey,Penguin Classics,Small Beer Press,1977-08-22,1781250174604,26,32.31,34.06,Seth,Dickinson
https://img1.od-cdn.com/ImageType-100/0044-1/{2B05DAC1-F4AD-4B0E-8879-89985CB8E4FE}IMG100.JPG,Many Things Under a Rock,David,Scheel,Penguin Classics,Houghton Mifflin Harcourt,1923-09-23,1781324020707,10,49.87,51.63,Kritika,Rao
https://img1.od-cdn.com/ImageType-100/0293-1/{33BEB7F1-C852-4960-B9A1-D99D7DFF36EA}IMG100.JPG,Marple,Agatha,Christie,Pacific U Special Print,S&S/Saga Press,1926-12-29,1780063136076,3,54.99,56.89,0,0
https://img3.od-cdn.com/ImageType-100/0017-1/{93C27501-D4DB-456F-BC82-785983890CF3}IMG100.JPG,Math with Bad Drawings,Ben,Orlin,Penguin Classics,W. W. Norton & Company,2017-03-01,1780316509022,63,42.5,43.64,Agatha,Christie
https://img3.od-cdn.com/ImageType-100/2363-1/{9D7188D6-E0D6-43EE-84C2-A35B5EDB312A}IMG100.JPG,Men Explain Things to Me,Rebecca,Solnit,Pacific U Special Print,Crown,1924-05-07,1781608464579,42,18.59,20.04,0,0
https://img2.od-cdn.com/ImageType-100/2390-1/{0743509A-489C-4F05-9079-D0AE839C1A65}IMG100.JPG,Mickey7,Edward,Ashton,Penguin Classics,Little Brown Books for Young Readers,1956-02-04,1781250275042,81,34.05,35.63,Navah,Wolfe
https://img3.od-cdn.com/ImageType-100/0111-1/{C3075460-F323-440B-BD82-981C6F806DDB}Img100.jpg,Moo,Jane,Smiley,Pacific U Special Print,Cordoc-Co LLC,1981-11-03,1780307805294,79,8.4,10.22,0,0
https://img2.od-cdn.com/ImageType-100/0293-1/{4276BBA2-F02F-4FC9-BF34-D488C47059CF}Img100.jpg,Moonflower Murders,Anthony,Horowitz,Pacific U Special Print,Open Road Media,1915-11-06,1780062955470,18,41.18,42.42,0,0
https://img1.od-cdn.com/ImageType-100/2389-1/{345684A3-A073-4A12-9C47-3C11C2E14798}Img100.jpg,The Turn of the Screw,Henry,James,ten year anniversary,Penguin Publishing Group,1912-01-21,2780062377203,99,34.37,36.19,Emily,St.JohnMandel
https://img3.od-cdn.com/ImageType-100/1486-1/{140A4E09-9458-48BE-8FAB-7C1FBDF1AC20}Img100.jpg,The Unreal and the Real: Selected Stories Volume 2,Ursula,LeGuin,ten year anniversary,Severn House,2014-05-30,2781459814615,37,10.48,12.06,Nnedi,Okorafor
https://img3.od-cdn.com/ImageType-100/0111-1/{A46269BD-5553-4329-A5D7-E8F860492366}Img100.jpg,The Water Knife,Paolo,Bacigalupi,ten year anniversary,S&S/Saga Press,1924-12-04,2780593543788,15,6.27,7.42,0,0
https://img2.od-cdn.com/ImageType-100/0439-1/{21FD06FC-B36E-442C-9F1B-069B0623CFC5}IMG100.JPG,The Woman in Cabin 10,Ruth,Ware,Second edition,Open Road Media,1990-09-20,2781984881823,76,43.9,45.51,Grace,Li
https://img3.od-cdn.com/ImageType-100/0293-1/{EB2D0CAA-DCFD-40EF-B666-E7B3B4EB13A1}Img100.jpg,The Word Is Murder,Anthony,Horowitz,Second edition,Gallery/Scout Press,2001-05-27,2781250229847,76,13.98,15.38,Connie,Willis
https://img2.od-cdn.com/ImageType-100/0484-1/{32B1EF89-4054-4388-A73F-C02DF75E9BF6}Img100.jpg,The Worm Ouroboros,E.R.,Eddison,Second edition,Duke Classics,1929-09-08,2780399553950,91,9.3,11.26,Connie,Willis
https://img2.od-cdn.com/ImageType-100/0439-1/{5B6BB9CD-6C46-4ABB-9508-91909391AE03}IMG100.JPG,This Is How You Lose the Time War,Amal,El-Mohtar,Second edition,Random House Children's Books,2003-01-10,2780698175174,45,31.3,32.61,Annalee,Newitz
https://img3.od-cdn.com/ImageType-100/1523-1/{813CBCBB-D109-4D57-A1A7-188AF528C46A}IMG100.JPG,This Time Tomorrow,Emma,Straub,Second edition,Penguin Young Readers Group,1958-01-11,2780316498852,1,46.68,48.31,0,0
https://img2.od-cdn.com/ImageType-100/0293-1/{327F8973-EA9A-49BC-B5ED-DF09B2629A2F}IMG100.JPG,To Be Taught If Fortunate,Becky,Chambers,Second edition,Random House Children's Books,2023-10-03,2780765393371,57,46.07,47.48,0,0
https://img1.od-cdn.com/ImageType-100/0111-1/{7DB61AD0-2D25-4D57-8CB7-B8B2C7A28C72}IMG100.JPG,To Say Nothing of the Dog,Connie,Willis,ten year anniversary,Open Road Media,2016-04-05,2780525562030,100,49.2,50.31,Ann,Leckie
https://img2.od-cdn.com/ImageType-100/0439-1/{60D7FA09-6B70-493E-9E31-2BD8746315FA}IMG100.JPG,Tomorrow Factory: Collected Fiction,Rich,Larson,Second edition,Grand Central Publishing,2007-09-29,2781501188831,45,23.63,25.29,Martha,Wells
https://img1.od-cdn.com/ImageType-100/0111-1/{17FF1132-F408-4ADE-AF88-910809DA47EE}IMG100.JPG,Tomorrow and Tomorrow and Tomorrow,Gabrielle,Zevin,Second edition,Martha Wells,1999-07-18,2781538749708,52,45.06,46.41,Anthony,Horowitz
https://img3.od-cdn.com/ImageType-100/2390-1/{098C1A3B-6ED1-48AB-A639-3AA91535DCF2}IMG100.JPG,Too Like the Lightning,Ada,Palmer,Second edition,MIRA Books,1925-08-19,2780446675505,71,37.26,38.94,Amal,El-Mohtar
https://img1.od-cdn.com/ImageType-100/2363-1/{BBF5DD3B-5B8B-482C-B772-41D60FDF4EE2}IMG100.JPG,Too Loud a Solitude,Bohumil,Hrabal,Second edition,Titan,1998-11-27,2780061749605,51,36.13,37.88,Kemi,Ashing-Giwa
https://img1.od-cdn.com/ImageType-100/6852-1/{C3FFDA9A-F1DC-42E3-A190-AAA25B1BE527}Img100.jpg,Travel Light,Naomi,Mitchison,ten year anniversary,Running Press,2004-09-12,2780593186077,10,43.54,45.1,Nova,Jacobs
https://img3.od-cdn.com/ImageType-100/2390-1/{B7AB06D2-E5F5-4A69-85C0-52ECC5F037F1}IMG100.JPG,Upright Women Wanted,Sarah,Gailey,ten year anniversary,S&S/Saga Press,2003-03-09,2781429991896,40,29.01,30.36,Sarah,Gailey
https://img3.od-cdn.com/ImageType-100/1523-1/{4D27CDBA-9F5E-4B69-8A73-F2978F0AFDB9}Img100.jpg,We Have Always Lived in the Castle,Shirley,Jackson,Second edition,Haymarket Books,1995-06-04,2780307887450,93,7.8,9.19,Connie,Willis
https://img1.od-cdn.com/ImageType-100/6852-1/{E29C043F-5565-46EC-8795-ED743906987A}Img100.jpg,Where We Go When All We Were Is Gone,Sequoia,Nagamatsu,Second edition,Astra Publishing House,2020-03-08,2781524759803,89,49.12,50.93,David,Scheel
https://img1.od-cdn.com/ImageType-100/2363-1/{A69DA583-B9B4-40F5-8606-56BA0C1030BA}IMG100.JPG,Whose Body?,Dorothy,Sayers,Second edition,Open Road Media,1990-03-01,2780553898279,46,25.05,27.05,Sophie,Hannah
https://img1.od-cdn.com/ImageType-100/1523-1/{AA642590-D82B-440E-97C7-D4873DE83D8E}Img100.jpg,Wintering,Katherine,May,Second edition,Random House Worlds,1923-06-13,2781640094154,44,48.01,49.42,Donald,Sobol
https://img3.od-cdn.com/ImageType-100/0111-1/{04A988FB-9DDD-40A2-B01B-5CD995DA0FB9}Img100.jpg,Woodcutters,Thomas,Bernhard,ten year anniversary,St. Martin's Publishing Group,1948-01-27,2780063204171,6,22.69,23.82,Connie,Willis
https://img3.od-cdn.com/ImageType-100/0439-1/{AEC85B7B-43FA-41AE-9D85-5D304178F0FB}IMG100.JPG,Zero Days,Ruth,Ware,ten year anniversary,Dragonsteel Entertainment LLC,1917-06-14,2780765397669,62,40.27,41.92,Brandon,Taylor
https://img1.od-cdn.com/ImageType-100/0887-1/{4DFE715B-CDEB-4249-A088-9A8CD7951818}IMG100.JPG,56 Days,Catherine,Howard,Second edition,Grand Central Publishing,1926-06-08,2781250185433,86,22.05,23.73,Cecelia,Watson
https://img1.od-cdn.com/ImageType-100/0111-1/{CFF843C1-6859-4C77-8E29-7F87C62A0A67}IMG100.JPG,A Dangerous Business,Jane,Smiley,Second edition,Titan,2014-09-29,2780593321454,19,42.76,44.64,0,0
https://img3.od-cdn.com/ImageType-100/0293-1/{191DC283-4A60-4B97-9500-08D703B3F71F}Img100.jpg,A Duty to the Dead,Charles,Todd,ten year anniversary,Open Road Media,1955-02-27,2780062853073,46,31.99,33.15,0,0
https://img1.od-cdn.com/ImageType-100/0174-1/{CCEF4FFC-4E9A-46E1-89A5-D9C6F6CC4852}IMG100.JPG,A Gentle Murderer,Dorothy,Davis,ten year anniversary,MIRA Books,1909-06-26,2780393241549,22,35.01,36.28,0,0
https://img1.od-cdn.com/ImageType-100/2390-1/{6FDCD068-F64A-4CBF-82A9-E426CC3304E3}IMG100.JPG,A Half-Built Garden,Ruthanna,Emrys,Second edition,Dragonsteel Entertainment LLC,1999-10-14,2780593545782,45,48.22,49.65,Andy,Weir
https://img1.od-cdn.com/ImageType-100/0017-1/{C1895EA6-ECF8-429A-B241-6BEE37D1D0AE}IMG100.JPG,A Haunting on the Hill,Elizabeth,Hand,Second edition,Random House Publishing Group,2018-04-03,2780593318225,74,39.44,41.34,Saeed,Jones
https://img2.od-cdn.com/ImageType-100/1523-1/{D71EDE17-8A1B-424A-B54F-E41E08BFB5A5}IMG100.JPG,A House Between Earth and the Moon,Rebecca,Scherm,ten year anniversary,Hanover Square Press,2007-12-18,2781488077197,75,46.2,47.67,0,0
https://img3.od-cdn.com/ImageType-100/0293-1/{B9191B3C-59FF-4E97-9A98-22780D768F8B}Img100.jpg,A Line to Kill,Anthony,Horowitz,Second edition,Saga Press,1956-09-10,2781481497510,94,24.32,26.03,Richard,Osman
https://img2.od-cdn.com/ImageType-100/2390-1/{34A02F2F-F922-45AD-9C0F-C351AD876687}IMG100.JPG,A Lonely Man,Chris,Power,Second edition,Scribner,1957-01-06,2780063208230,79,19.98,21.5,Sequoia,Nagamatsu
https://img3.od-cdn.com/ImageType-100/2390-1/{B0325555-DF4F-410A-9B3F-893DD9D6285B}IMG100.JPG,A Prayer for the Crown-Shy,Becky,Chambers,ten year anniversary,Penguin Young Readers Group,1901-08-16,2780765399465,15,38.5,40.41,Paul,Chaat-Smith
https://img1.od-cdn.com/ImageType-100/2390-1/{5D67CED5-6BE2-4846-AE1B-0C3DDFF83434}IMG100.JPG,A Psalm for the Wild-Built,Becky,Chambers,ten year anniversary,Akashic Books Ltd.,2020-02-10,2780385353311,80,17.6,19.55,Nick,Bantock
https://img1.od-cdn.com/ImageType-100/0111-1/{AD1BF924-B88E-41D6-AC23-8C3ECF9CF724}Img100.jpg,A Short History of Nearly Everything,Bill,Bryson,Second edition,W. W. Norton & Company,1986-01-09,2781250826985,99,7.99,9.61,0,0
https://img1.od-cdn.com/ImageType-100/0293-1/{B0BFA6BF-502D-481E-B97A-F7C76E0A8BB2}Img100.jpg,A Test of Wills,Charles,Todd,Second edition,Saga Press,1972-04-24,2780063066205,26,16.36,17.83,Rebecca,Solnit
https://img2.od-cdn.com/ImageType-100/0111-1/{0451EF93-4D46-4901-876F-D85A032CDA28}Img100.jpg,A Town Called Solace,Mary,Lawson,Second edition,Astra Publishing House,1998-06-10,2781982150709,33,29.47,30.89,Cixin,Liu
https://img2.od-cdn.com/ImageType-100/1523-1/{739A8DC9-D971-4CDC-AB65-D3DBB281D941}Img100.jpg,Agency,William,Gibson,ten year anniversary,Celadon Books,1980-07-23,2780525533146,49,44.97,46.12,R.F.,Kuang
https://img1.od-cdn.com/ImageType-100/6852-1/{C8FDB61C-AAA5-4F29-BBDC-49C3FE7A74E9}IMG100.JPG,Alive at the End of the World,Saeed,Jones,ten year anniversary,Little Brown Books for Young Readers,1985-03-09,2781524796877,1,36.5,38.11,0,0
https://img2.od-cdn.com/ImageType-100/1523-1/{B307D2F6-1839-4720-B995-C75B043611C6}Img100.jpg,All Our Wrong Todays,Elan,Mastai,Second edition,Haymarket Books,1969-06-18,2780062298102,24,9.24,10.72,Rebecca,Giblin
https://img1.od-cdn.com/ImageType-100/0017-1/{97164C17-830A-414B-8F66-DCBA532034C0}Img100.jpg,All Our Yesterdays,Cristin,Terrill,ten year anniversary,Atria Books,2014-07-05,2780345540652,99,10.61,11.62,0,0
https://img1.od-cdn.com/ImageType-100/2390-1/{25FCE2C0-02CE-4859-853B-001D04695ECD}Img100.jpg,All Systems Red,Martha,Wells,ten year anniversary,Knopf Canada,1933-06-24,2780316628259,80,44.69,46.01,Donald,Sobol
https://img1.od-cdn.com/ImageType-100/2390-1/{ADA51DAD-F8A1-4365-9E21-58126D8DD2F8}Img100.jpg,American Hippo,Sarah,Gailey,Second edition,No Starch Press,1959-11-01,2780316375061,29,8.46,9.78,Donald,Sobol
https://img1.od-cdn.com/ImageType-100/0017-1/{C22288A0-B694-4C1C-8A2F-C347183C8CF6}IMG100.JPG,Ancillary Justice,Ann,Leckie,ten year anniversary,Tor Publishing Group,2009-04-23,2781984837134,0,33.46,35.11,Keith,Houston
https://img1.od-cdn.com/ImageType-100/2390-1/{D61CF3B4-7351-4395-B1C6-D557ED9FBEF6}Img100.jpg,Artificial Condition,Martha,Wells,ten year anniversary,No Starch Press,1944-01-05,2780062283610,49,12.23,13.51,Richard,Osman
https://img2.od-cdn.com/ImageType-100/0293-1/{B6BCF35B-7683-4276-9EDD-3421CF277D4D}Img100.jpg,Astounding,Alec,Nevala-Lee,ten year anniversary,Coffee House Press,2008-05-26,2780593334577,96,19.74,21.32,Nova,Jacobs
https://img2.od-cdn.com/ImageType-100/0017-1/{1F9B5233-B3F3-471B-9726-ABD60045E27B}Img100.jpg,Aurora,Kim,Robinson,Second edition,Talos,2002-12-30,2781620135549,50,8.63,9.96,Lucy,Foley
https://img2.od-cdn.com/ImageType-100/2390-1/{ACD1CD95-FCCD-4505-8060-332946C6DE8D}Img100.jpg,Automating Inequality,Virginia,Eubanks,ten year anniversary,Sourcebooks,1999-09-25,2780316509855,27,24.35,26.15,Cixin,Liu
https://img3.od-cdn.com/ImageType-100/2390-1/{855CADA7-7F7F-48C6-8020-C3415C6790E5}Img100.jpg,Autonomous,Annalee,Newitz,ten year anniversary,Astra Publishing House,1956-10-08,2781466853430,14,29.91,31.28,Ann,Leckie
https://img2.od-cdn.com/ImageType-100/0293-1/{D4CE7F86-8AD5-44A2-B840-CC5CC01352A9}IMG100.JPG,Breathe,Sarah,Crossan,Second edition,Martha Wells,1927-07-08,2781501156229,46,14.52,16.22,Shirley,Jackson
https://img3.od-cdn.com/ImageType-100/6838-1/{0A731E56-B634-4D87-9D5E-F2C93BC165E4}Img100.jpg,Burnt Offerings,Robert,Marasco,Second edition,Coffee House Press,1990-02-15,2780380973347,17,50.56,52.54,0,0
https://img2.od-cdn.com/ImageType-100/1523-1/{75A9CA7A-6EFB-4A10-A25C-06A41CF8B905}Img100.jpg,Cadillac Desert,Marc,Reisner,Second edition,Cordoc-Co LLC,1966-10-30,2781250875341,14,53.35,54.77,Dorothy,Sayers
https://img1.od-cdn.com/ImageType-100/0017-1/{B6CA7D94-F889-449A-997F-F8BA81F99723}Img100.jpg,Children of Time,Adrian,Tchaikovsky,Second edition,Knopf Canada,1905-07-24,2780316220743,70,41.15,42.16,Tobias,Buckell
https://img1.od-cdn.com/ImageType-100/8010-1/{BC8C8C85-60D2-4982-A29D-BB458C5546F7}IMG100.JPG,Chokepoint Capitalism,Rebecca,Giblin,ten year anniversary,Running Press,1937-11-29,2781250174659,23,46.51,48.05,Paolo,Bacigalupi
https://img2.od-cdn.com/ImageType-100/0293-1/{504D9AC5-5125-48F2-929C-305B6E969D2E}Img100.jpg,Closed Casket,Sophie,Hannah,ten year anniversary,Astra Publishing House,1992-03-22,2781984853769,27,7.46,9.12,0,0
https://img3.od-cdn.com/ImageType-100/0439-1/{2D6BE786-82ED-4344-8BD8-B2F7A3546883}IMG100.JPG,Cloud Cuckoo Land,Anthony,Doerr,ten year anniversary,Orbit,2016-03-10,2780316229302,90,30.07,31.4,Sarah,Gailey
https://img1.od-cdn.com/ImageType-100/2363-1/{1A83FF2C-303A-4CA7-9BA8-33515F22798D}IMG100.JPG,Clouds of Witness,Dorothy,Sayers,ten year anniversary,MIRA Books,1990-08-11,2781453258903,99,14.04,15.12,Chris,Riccomini
https://img2.od-cdn.com/ImageType-100/0044-1/{C65AEB61-930C-4AC5-BE74-E30F9E7258D9}IMG100.JPG,Creatures of Passage,Morowa,Yejidé,ten year anniversary,Saga Press,1911-06-10,2781938570384,49,45.11,46.2,0,0
https://img2.od-cdn.com/ImageType-100/0111-1/{AFEB953F-F3E5-4C1D-A820-A5BF08E740A8}Img100.jpg,CUCKOO'S EGG,Clifford,Stoll,ten year anniversary,Astra Publishing House,1904-04-02,2781668025703,88,38.98,40.89,David,Scheel
https://img2.od-cdn.com/ImageType-100/2588-1/{A83BBC13-B514-448B-A8EA-E21A61DCD271}Img100.jpg,Cyanide with Christie,Katherine,Hyde,ten year anniversary,Orca Book Publishers,1917-05-05,2780765392121,54,12.19,13.47,Becky,Chambers
https://img1.od-cdn.com/ImageType-100/2363-1/{CD1A14F9-81B9-46BD-8668-6A6A2274AD58}Img100.jpg,Dawn,Octavia,Butler,ten year anniversary,Yale University Press,1956-01-19,2780062380777,17,11.14,12.34,Nova,Jacobs
https://img3.od-cdn.com/ImageType-100/0293-1/{DC2C2BB8-EF2A-4015-8C1C-F0E7573FED75}IMG100.JPG,Demon Copperhead,Barbara,Kingsolver,Second edition,Penguin Young Readers Group,1950-05-02,2780525521150,58,7.48,9.44,0,0
